,title,url,compound_sentiment,textblob_polarity
1260,Why don’t we see more value-based care model in maternal health?,https://www.reddit.com/r/medicine/comments/f3ye1f/why_dont_we_see_more_valuebased_care_model_in/,0.9813,0.1902941176470588
1061,Could we have an honest discussion on school reopening based on actual evidence?,https://www.reddit.com/r/medicine/comments/hutxrg/could_we_have_an_honest_discussion_on_school/,-0.9711,0.07630121816168327
289,"The 1,000-Bed Comfort Was Supposed to Aid New York. It Has 20 Patients.",https://www.reddit.com/r/medicine/comments/ftzuks/the_1000bed_comfort_was_supposed_to_aid_new_york/,0.3612,0.13636363636363635
374,"I (M.D.) applied for a job in telemedicine that required that I have not written any prescriptions in the last 3 months. When they checked they found that I (or someone under my name/ npi) had written scripts as recently as last month. I have no recollection of this, and DID NOT write any scripts.",https://www.reddit.com/r/medicine/comments/g68pob/i_md_applied_for_a_job_in_telemedicine_that/,0.3094,0.0
536,Fecal oral route for COVID-19 infection. Maybe we should be doing rectal swabs? (crosspost),https://www.reddit.com/r/medicine/comments/ggdhqq/fecal_oral_route_for_covid19_infection_maybe_we/,0.0,0.0
1188,Have you ever helped a patient get a prosthetic device?,https://www.reddit.com/r/medicine/comments/enrigs/have_you_ever_helped_a_patient_get_a_prosthetic/,0.4036,0.06301020408163265
1189,Choosing cost of living/work hours balance?,https://www.reddit.com/r/medicine/comments/epib0p/choosing_cost_of_livingwork_hours_balance/,-0.2551,0.12043290043290042
879,Our Ideas about Obesity may be Completely Wrong,https://www.reddit.com/r/medicine/comments/hdaq2i/our_ideas_about_obesity_may_be_completely_wrong/,-0.5256,-0.5
222,"With all the excited about (hydroxy)chloroquine for COVID-19, do we have any data on infection rates among people already on it for RA/lupus, etc?",https://www.reddit.com/r/medicine/comments/fk44nc/with_all_the_excited_about_hydroxychloroquine_for/,0.6868,0.375
835,Im sick of the fringe medicine,https://www.reddit.com/r/medicine/comments/hf2u4d/im_sick_of_the_fringe_medicine/,-0.9591,-0.10182072829131651
465,What do Physicians/NPs want?,https://www.reddit.com/r/medicine/comments/gjcqaf/what_do_physiciansnps_want/,-0.8928,0.06331453634085213
570,What is your approach to medical documentation? How do you protect yourself from future lawsuits/malpractice claims with your strategy?,https://www.reddit.com/r/medicine/comments/glfcv3/what_is_your_approach_to_medical_documentation/,0.4515,0.0
1314,Is there any simple handbook on emergency procedures every GP should know?,https://www.reddit.com/r/medicine/comments/f7kjqv/is_there_any_simple_handbook_on_emergency/,-0.3818,0.0
966,Thoughts on a co-pay for frequent ED visits with Medicaid?,https://www.reddit.com/r/medicine/comments/hr0wim/thoughts_on_a_copay_for_frequent_ed_visits_with/,0.6287,0.08305555555555558
1169,Discordance between A1C and fasting glucose,https://www.reddit.com/r/medicine/comments/f2ar40/discordance_between_a1c_and_fasting_glucose/,0.8976,0.15
132,"Is there a medical term for ""Blurry Vision""?",https://www.reddit.com/r/medicine/comments/fd18ox/is_there_a_medical_term_for_blurry_vision/,0.3182,0.0
58,Italy a few weeks into its outbreak: the current situation is difficult to imagine ... my friends call me in tears because they see people dying in front of them and they can only offer some oxygen. Why wont this happen to us?,https://www.reddit.com/r/medicine/comments/fgacxj/italy_a_few_weeks_into_its_outbreak_the_current/,-0.0772,-0.175
878,Better Call Saul - Chuck Goes to Hospital. I think this is the most flawless hospital scene Ive seen in a TV drama.,https://www.reddit.com/r/medicine/comments/hb2g00/better_call_saul_chuck_goes_to_hospital_i_think/,0.7574,0.6666666666666666
1303,Medical student seeking insight from both physicians and nonphysicians regarding ‘midlevel creep’,https://www.reddit.com/r/medicine/comments/f61fse/medical_student_seeking_insight_from_both/,0.594,0.09540816326530613
945,I am looking for a good resource for working cardiac arrest videos.,https://www.reddit.com/r/medicine/comments/hi2oed/i_am_looking_for_a_good_resource_for_working/,-0.0516,0.08749999999999997
869,Toronto doctor gets no penalty for sex assault on 16-year-old,https://www.reddit.com/r/medicine/comments/his6lp/toronto_doctor_gets_no_penalty_for_sex_assault_on/,-0.3226,0.0
1286,Whats your least favorite word in medicine?,https://www.reddit.com/r/medicine/comments/f58ytv/whats_your_least_favorite_word_in_medicine/,-0.4404,0.04226190476190478
1228,What lab value or diagnostic finding do you think is underutilized in clinical decision making?,https://www.reddit.com/r/medicine/comments/f0xqrh/what_lab_value_or_diagnostic_finding_do_you_think/,0.7399,0.1875
1068,Patients refusing COVID19 testing? Anyone else dealing with this?,https://www.reddit.com/r/medicine/comments/ht42qq/patients_refusing_covid19_testing_anyone_else/,-0.9561,0.010852813852813857
601,"Thoughts on NBOME (DO licensing board) continuing their in person PE starting July, even though the MD version (CS) was suspended for 12-18 months?",https://www.reddit.com/r/medicine/comments/gtadde/thoughts_on_nbome_do_licensing_board_continuing/,-0.843,-0.05510752688172042
627,Those in Primary Care clinics- Are you seeing pts with respiratory complaints?,https://www.reddit.com/r/medicine/comments/gty7mn/those_in_primary_care_clinics_are_you_seeing_pts/,0.3527,0.2
193,Stealth Transmission of COVID-19 Demands Widespread Mask Usage,https://www.reddit.com/r/medicine/comments/frdba7/stealth_transmission_of_covid19_demands/,-0.0772,0.0
1101,Support loan forgiveness for health care providers,https://www.reddit.com/r/medicine/comments/hsw6cj/support_loan_forgiveness_for_health_care_providers/,0.7906,0.0
1263,"Biopharma has abandoned antibiotic development. Here’s why we did, too. ---COO of pharm company explains why they don’t develop new ABX",https://www.reddit.com/r/medicine/comments/eyi001/biopharma_has_abandoned_antibiotic_development/,-0.4588,0.13636363636363635
362,VA removing physician supervision of CRNAs,https://www.reddit.com/r/medicine/comments/g6bx36/va_removing_physician_supervision_of_crnas/,0.1381,-0.16666666666666666
973,PA gives immunodeficient daughter HCQ for covid,https://www.reddit.com/r/medicine/comments/hn9mne/pa_gives_immunodeficient_daughter_hcq_for_covid/,0.0,0.0
741,"Unprecedented Drop in US Cancer Deaths, Driven by Lung Cancer",https://www.reddit.com/r/medicine/comments/emvnak/unprecedented_drop_in_us_cancer_deaths_driven_by/,-0.8979,0.6
709,Deep learning model for breast cancer detection beats five full-time radiologists [Research],https://www.reddit.com/r/medicine/comments/eigj0b/deep_learning_model_for_breast_cancer_detection/,-0.6597,0.0
952,"Trump Health Secretary Says US Healthcare Workers Dont Get Infected With Covid-19 (94,000 Have Contracted the Virus)",https://www.reddit.com/r/medicine/comments/hnh8co/trump_health_secretary_says_us_healthcare_workers/,0.3875,0.0
1223,Being intimidated by other providers,https://www.reddit.com/r/medicine/comments/eqszpu/being_intimidated_by_other_providers/,-0.2101,0.11550595238095239
1117,Nebulizer vs MDI,https://www.reddit.com/r/medicine/comments/hum9o6/nebulizer_vs_mdi/,-0.7744,0.1340909090909091
640,Im medical student but artificial intelligence scares me about future of profession. Are we wasting time by studying? Does years of studying worth? Future is dark,https://www.reddit.com/r/medicine/comments/gp57zd/im_medical_student_but_artificial_intelligence/,0.9906,0.11250186595014182
384,Then there’s this garbage fire. Two docs from accelerated urgent care spouting lies about covid-19.,https://www.reddit.com/r/medicine/comments/g87swg/then_theres_this_garbage_fire_two_docs_from/,-0.0516,0.0
951,The Independent: Trump again claims coronavirus is ‘going to just disappear’ as US sees record number of new cases,https://www.reddit.com/r/medicine/comments/hjlghs/the_independent_trump_again_claims_coronavirus_is/,0.0772,0.06818181818181818
526,Autopsy Findings and Venous Thromboembolism in 12 Patients With COVID-19,https://www.reddit.com/r/medicine/comments/gfcita/autopsy_findings_and_venous_thromboembolism_in_12/,0.0,0.0
1125,What are your opinions on circumcision?,https://www.reddit.com/r/medicine/comments/hwpcjy/what_are_your_opinions_on_circumcision/,0.0,0.0
1153,"Older Children, 10-19, spread the Coronavirus just as much as adults",https://www.reddit.com/r/medicine/comments/hu9awl/older_children_1019_spread_the_coronavirus_just/,0.0,0.18333333333333335
799,"The Lancet publishes an ""expression of concern"" regarding recent Hydroxychloroquine multinational registry analysis paper",https://www.reddit.com/r/medicine/comments/gviiw7/the_lancet_publishes_an_expression_of_concern/,0.0,0.0
890,Hold the NBOME Accountable,https://www.reddit.com/r/medicine/comments/hfp1m0/hold_the_nbome_accountable/,0.8822,0.12074652777777777
832,"Police brutality is our lane too, doctors say - STAT",https://www.reddit.com/r/medicine/comments/gx6ouf/police_brutality_is_our_lane_too_doctors_say_stat/,-0.3217,0.0
24,"Trauma Surgeon redesigns the standard car jack, inspired by unnecessary deaths and injuries he witnessed as a med student.",https://www.reddit.com/r/medicine/comments/fbvz6p/trauma_surgeon_redesigns_the_standard_car_jack/,0.1027,-0.2
577,is anyone else just super burnt out lately?,https://www.reddit.com/r/medicine/comments/gno31b/is_anyone_else_just_super_burnt_out_lately/,0.8402,0.24444444444444444
512,FDA issues an Emergency Use Authorization (EUA) for remdesivir the treatment of hospitalized COVID-19 patients,https://www.reddit.com/r/medicine/comments/gbq32h/fda_issues_an_emergency_use_authorization_eua_for/,-0.3818,0.0
348,NP bill to allow independent practice in california passes assembly.,https://www.reddit.com/r/medicine/comments/evgypj/np_bill_to_allow_independent_practice_in/,0.9033,0.0875
513,Magnesium supplementation methods ?,https://www.reddit.com/r/medicine/comments/gbe84c/magnesium_supplementation_methods/,0.4696,0.09464285714285714
1059,"Viral video featuring a group of doctors making false and dubious claims related to the coronavirus was removed by Facebook, Twitter, and YouTube",https://www.reddit.com/r/medicine/comments/hzeoyx/viral_video_featuring_a_group_of_doctors_making/,-0.3612,-0.20000000000000004
1238,EPIC or Cerner? Which one do you prefer and why?,https://www.reddit.com/r/medicine/comments/f007mj/epic_or_cerner_which_one_do_you_prefer_and_why/,0.0,0.1
1011,Unfortunately Balovaptan (designed as the first ever drug for the core symptoms of autism) failed in all three phase-3-trials.,https://www.reddit.com/r/medicine/comments/howvqt/unfortunately_balovaptan_designed_as_the_first/,0.755,-0.012484848484848488
263,"UCSF IM PD Threatens Residents With ""Temporary Leave Of Absence"" If They Dont Expose Themselves To COVID Patients Without Proper PPE",https://www.reddit.com/r/medicine/comments/fxdbvk/ucsf_im_pd_threatens_residents_with_temporary/,-0.3304,-0.00625
867,Trump administration considers executive order to suspend certain work visas (including J-1 visas). How would this affect the medical field?,https://www.reddit.com/r/medicine/comments/hd8csl/trump_administration_considers_executive_order_to/,-0.0516,0.10714285714285714
499,Physicians are paid 7.3% of our total National Health Expenditure,https://www.reddit.com/r/medicine/comments/esjght/physicians_are_paid_73_of_our_total_national/,0.0,0.0
172,3 Days of Inpatient Care in New York: The Story of You,https://www.reddit.com/r/medicine/comments/fsfka7/3_days_of_inpatient_care_in_new_york_the_story_of/,0.6242,0.07760723120416993
203,A new migraine abortive drug with a novel MOA will be available in the first quarter of 2020.,https://www.reddit.com/r/medicine/comments/emh9i7/a_new_migraine_abortive_drug_with_a_novel_moa/,0.3182,0.26212121212121214
1150,A biological view on Bipolar Disorder - possible biomarkers for treatment,https://www.reddit.com/r/medicine/comments/huih1g/a_biological_view_on_bipolar_disorder_possible/,-0.4019,0.0
567,My hospital is considering stopping COVID19 testing...,https://www.reddit.com/r/medicine/comments/go64pw/my_hospital_is_considering_stopping_covid19/,-0.7699,-0.23666666666666664
554,Female physicians: Did you take your husband’s surname or keep your maiden name?,https://www.reddit.com/r/medicine/comments/gru71g/female_physicians_did_you_take_your_husbands/,0.4116,0.1
163,Eric Topol: US Betrays Healthcare Workers in Coronavirus Disaster,https://www.reddit.com/r/medicine/comments/fsef6g/eric_topol_us_betrays_healthcare_workers_in/,-0.8225,0.0
1258,How do people forget their chronic health issues,https://www.reddit.com/r/medicine/comments/f2waoh/how_do_people_forget_their_chronic_health_issues/,0.8622,0.15474747474747474
1050,HCAHPS score for Hospitalists amid pandemic.,https://www.reddit.com/r/medicine/comments/hn1v19/hcahps_score_for_hospitalists_amid_pandemic/,0.6124,-0.09611111111111112
1074,Mainly a curiosity question. What are specialties that can thrive in a cash business?,https://www.reddit.com/r/medicine/comments/hwfnin/mainly_a_curiosity_question_what_are_specialties/,0.0,0.16666666666666666
32,Who Closes Hospitals?,https://www.reddit.com/r/medicine/comments/el2t6h/who_closes_hospitals/,0.0,0.0
970,Houston hospitals are increasingly turning away new patients as coronavirus overwhelms emergency rooms,https://www.reddit.com/r/medicine/comments/hpgjbt/houston_hospitals_are_increasingly_turning_away/,-0.5267,0.13636363636363635
406,Primary Care Offices Struggle To Stay Solvent During Pandemic,https://www.reddit.com/r/medicine/comments/g5c7ai/primary_care_offices_struggle_to_stay_solvent/,0.2263,0.4
192,"How to change how we put orders in, RIGHT NOW",https://www.reddit.com/r/medicine/comments/fn1j3t/how_to_change_how_we_put_orders_in_right_now/,-0.8816,0.03698412698412698
608,Minnesota passes PA Modernization act (Not independent practice),https://www.reddit.com/r/medicine/comments/gs8fwv/minnesota_passes_pa_modernization_act_not/,0.9538,0.05972222222222222
233,Living standards of doctors in different places,https://www.reddit.com/r/medicine/comments/g1rr0z/living_standards_of_doctors_in_different_places/,-0.8178,0.024677033492822954
1272,"Lopinovir, ritonavir, and oseltamivir for 2019-nCoV?",https://www.reddit.com/r/medicine/comments/exqhoe/lopinovir_ritonavir_and_oseltamivir_for_2019ncov/,0.0,0.0
552,Do you get irritated by the little inaccuracies with how patients are portrayed in film?,https://www.reddit.com/r/medicine/comments/gq9wli/do_you_get_irritated_by_the_little_inaccuracies/,-0.7736,0.15865384615384615
1007,Why isnt dicloxacillin prescribed more often?,https://www.reddit.com/r/medicine/comments/hr9xy5/why_isnt_dicloxacillin_prescribed_more_often/,0.7959,0.20555555555555557
208,"NY Governor Cuomo takes big steps to mobilize workforce: record keeping requirements lifted, decreased civil liability, lifting of ACGME duty hours, state license reciprocity, PA/NP supervision reqs lifted, and more",https://www.reddit.com/r/medicine/comments/foaqhv/ny_governor_cuomo_takes_big_steps_to_mobilize/,-0.2023,0.033333333333333326
496,Hospital asks doctors for fingerprints and handwriting samples after whistleblower sends letter to widower,https://www.reddit.com/r/medicine/comments/eqvyfd/hospital_asks_doctors_for_fingerprints_and/,0.0,0.0
910,"Married Physicians: Post-Residency, How did you manage to take on full-time jobs while concurrently raise children?",https://www.reddit.com/r/medicine/comments/haslf3/married_physicians_postresidency_how_did_you/,0.9921,0.27559808612440195
969,I quit my job yesterday,https://www.reddit.com/r/medicine/comments/hkordv/i_quit_my_job_yesterday/,-0.9542,-0.04574314574314574
568,It’s shocking that naturopaths are running around as pseudophysicians,https://www.reddit.com/r/medicine/comments/goox2k/its_shocking_that_naturopaths_are_running_around/,-0.9056,-0.08676136363636365
481,Overnight paging question from a new nurse,https://www.reddit.com/r/medicine/comments/gghvqp/overnight_paging_question_from_a_new_nurse/,0.9645,0.06662403253312345
153,3 More Days of Inpatient Care in New York,https://www.reddit.com/r/medicine/comments/fqnqmb/3_more_days_of_inpatient_care_in_new_york/,0.9981,0.08617415356947375
960,"If you are hospitalized, would you be comfortable being cared for by colleagues you know at the same institution, or somewhere else with strangers?",https://www.reddit.com/r/medicine/comments/f5eliz/if_you_are_hospitalized_would_you_be_comfortable/,0.6597,0.20000000000000004
96,Officially Unable to Restock Clinics with Supplies,https://www.reddit.com/r/medicine/comments/fhgv7z/officially_unable_to_restock_clinics_with_supplies/,0.872,-0.1
1285,Petition against the proposed step 1 change,https://www.reddit.com/r/medicine/comments/f3bsv5/petition_against_the_proposed_step_1_change/,0.0,0.0
127,The Extraordinary Decisions Facing Italian Doctors,https://www.reddit.com/r/medicine/comments/fhlbee/the_extraordinary_decisions_facing_italian_doctors/,0.0,0.16666666666666666
780,COVID-19 Can Last for Several Months - The Atlantic,https://www.reddit.com/r/medicine/comments/h7wpn6/covid19_can_last_for_several_months_the_atlantic/,0.0,0.0
1246,How do doctors for national sports teams get those jobs? [serious],https://www.reddit.com/r/medicine/comments/f22txd/how_do_doctors_for_national_sports_teams_get/,-0.3094,-0.3333333333333333
1225,Post mortem on an obese patient reveals morbidities associated with obesity,https://www.reddit.com/r/medicine/comments/erinb4/post_mortem_on_an_obese_patient_reveals/,0.0,0.0
779,Extravasation from an IJ line?,https://www.reddit.com/r/medicine/comments/gya44x/extravasation_from_an_ij_line/,0.3065,0.08571428571428572
931,When your patients want to discuss religion with you how do you respond?,https://www.reddit.com/r/medicine/comments/f4g7tz/when_your_patients_want_to_discuss_religion_with/,0.5803,0.0
1266,The 90-Day Prescription Isn’t for Everyone,https://www.reddit.com/r/medicine/comments/f0xhdq/the_90day_prescription_isnt_for_everyone/,0.0,0.0
1040,Any doctors here that are married to pilots?,https://www.reddit.com/r/medicine/comments/hnavgd/any_doctors_here_that_are_married_to_pilots/,0.9245,-0.02
1190,Help! Doing a Career Day talk for middle schoolers (11-13 year olds),https://www.reddit.com/r/medicine/comments/em1u8p/help_doing_a_career_day_talk_for_middle_schoolers/,0.9711,0.25833333333333336
188,FDA issues emergency authorization of anti-malaria drug for coronavirus care,https://www.reddit.com/r/medicine/comments/frjprn/fda_issues_emergency_authorization_of_antimalaria/,0.1531,0.0
710,Stolen thunder,https://www.reddit.com/r/medicine/comments/emzq13/stolen_thunder/,-0.9011,0.09764835858585857
926,Doubts about medicine - how did you overcome them?,https://www.reddit.com/r/medicine/comments/haxmnx/doubts_about_medicine_how_did_you_overcome_them/,-0.296,0.0
615,Need a Breakdown This,https://www.reddit.com/r/medicine/comments/gtypvq/need_a_breakdown_this/,-0.4859,-0.002777777777777777
585,University of South Carolina-Greenville Having Students Sign a Waiver to Return to Clerkships Early And Waive Liability. Declining to Sign Results in Graduating With Following Years Class,https://www.reddit.com/r/medicine/comments/gnj42t/university_of_south_carolinagreenville_having/,-0.2023,0.05
787,10L through a non-rebreather?,https://www.reddit.com/r/medicine/comments/gyoty8/10l_through_a_nonrebreather/,0.7319,1.850371707708594e-17
866,Alcohol gel removed from Barcelona prison after prisoners found drunk (link in Spanish).,https://www.reddit.com/r/medicine/comments/hc068b/alcohol_gel_removed_from_barcelona_prison_after/,-0.8402,-0.25
1018,Thoughts on referring to chiropractors for low back pain,https://www.reddit.com/r/medicine/comments/hlqbx4/thoughts_on_referring_to_chiropractors_for_low/,0.4667,0.16363636363636364
254,Doctors being fired over speaking out about equipment shortages and using their own protection,https://www.reddit.com/r/medicine/comments/fu0kge/doctors_being_fired_over_speaking_out_about/,-0.6369,0.6
108,Measuring blood pressure of anxious patients,https://www.reddit.com/r/medicine/comments/fd1a4s/measuring_blood_pressure_of_anxious_patients/,0.6581,-0.005411764705882358
861,CanSinos COVID-19 vaccine candidate approved for military use in China,https://www.reddit.com/r/medicine/comments/hifky5/cansinos_covid19_vaccine_candidate_approved_for/,0.4215,-0.1
1012,"Effect of Hydroxychloroquine in Hospitalized Patients with COVID-19: Preliminary results from a multi-centre, randomized, controlled trial.",https://www.reddit.com/r/medicine/comments/hru2nn/effect_of_hydroxychloroquine_in_hospitalized/,0.0,0.0
1141,Medical Schools Have Historically Been Wrong on Race,https://www.reddit.com/r/medicine/comments/hzeif7/medical_schools_have_historically_been_wrong_on/,-0.4767,-0.16666666666666666
712,"Attendings, how much was your first house out if residency?",https://www.reddit.com/r/medicine/comments/eqngvc/attendings_how_much_was_your_first_house_out_if/,0.6597,0.275
737,Anyone ever thought about leaving medicine (giving up?) Does it get better?,https://www.reddit.com/r/medicine/comments/eo2y60/anyone_ever_thought_about_leaving_medicine_giving/,0.8965,0.15075757575757576
224,Hospitals consider universal do-not-resuscitate orders for coronavirus patients,https://www.reddit.com/r/medicine/comments/fp2nqr/hospitals_consider_universal_donotresuscitate/,0.0,0.0
365,Sad. The toll it is taking on doctors. Er doc Suicide,https://www.reddit.com/r/medicine/comments/g99lf3/sad_the_toll_it_is_taking_on_doctors_er_doc/,0.233,0.08559523809523811
856,EMS here - just wanted to say thank you to the White Coats for Black Lives protestors,https://www.reddit.com/r/medicine/comments/hdafqo/ems_here_just_wanted_to_say_thank_you_to_the/,0.9422,0.25833333333333336
934,Popping out a brain tumor,https://www.reddit.com/r/medicine/comments/f5ig84/popping_out_a_brain_tumor/,-0.3818,0.0
237,Introducing r/physicians: a private subreddit for physicians,https://www.reddit.com/r/medicine/comments/fvi3v0/introducing_rphysicians_a_private_subreddit_for/,0.9682,0.16645454545454544
270,How do you feel we should prepare for a post-COVID vaccine world where a large group of people already stating they won’t take any vaccinations due to false information/hysteria ?,https://www.reddit.com/r/medicine/comments/fyjz4z/how_do_you_feel_we_should_prepare_for_a_postcovid/,-0.939,-0.03601190476190477
1215,Best/worst health systems to work for as a physician,https://www.reddit.com/r/medicine/comments/eq7ux2/bestworst_health_systems_to_work_for_as_a/,-0.5575,0.17592592592592593
468,WSJ: Young Doctors Struggle to Treat Coronavirus Patients: ‘We Are Horrified and Scared’,https://www.reddit.com/r/medicine/comments/gdaghm/wsj_young_doctors_struggle_to_treat_coronavirus/,-0.4767,0.1
52,"Tips from the frontline: in the next few weeks, in countries that are going to see an increase in quarantine regulations for the population, there might be a SHARP DROP IN BLOOD DONATIONS (in Italy it was almost 70% less donors).",https://www.reddit.com/r/medicine/comments/fhg748/tips_from_the_frontline_in_the_next_few_weeks_in/,-0.2083,-0.13333333333333333
643,Covid19 and medical communitys self righteousness,https://www.reddit.com/r/medicine/comments/gqmqtb/covid19_and_medical_communitys_self_righteousness/,-0.8046,-0.058333333333333334
1110,Effects of surgical and FFP2/N95 face masks on cardiopulmonary exercise capacity,https://www.reddit.com/r/medicine/comments/hv87e0/effects_of_surgical_and_ffp2n95_face_masks_on/,0.0,0.0
613,What is your specialty/practice model and how many hours do you typically work per week?,https://www.reddit.com/r/medicine/comments/gpa2e6/what_is_your_specialtypractice_model_and_how_many/,0.0,0.11111111111111112
442,"[serious] CEO of United Healthcare makes DAILY, the starting ANNUAL salary of a general surgeon after 4 years of med school and 5 years of residency.",https://www.reddit.com/r/medicine/comments/gg85ec/serious_ceo_of_united_healthcare_makes_daily_the/,0.0,-0.07708333333333334
22,I would like to vent and share my first experience with a medical error,https://www.reddit.com/r/medicine/comments/fevp4g/i_would_like_to_vent_and_share_my_first/,-0.9244,0.02660153118486452
521,Reminder: Youre Worth More than Your Ability to Help Others,https://www.reddit.com/r/medicine/comments/gctc7f/reminder_youre_worth_more_than_your_ability_to/,0.9873,0.3763392857142857
162,All Lupus Patient HCQ Prescription Cancelled By Kaiser Permanente,https://www.reddit.com/r/medicine/comments/fple1o/all_lupus_patient_hcq_prescription_cancelled_by/,-0.25,0.0
1127,Any medical book recommendations?,https://www.reddit.com/r/medicine/comments/hwfeon/any_medical_book_recommendations/,0.0,0.0
676,"Surgeon left sponge, pt gets $10.5 million",https://www.reddit.com/r/medicine/comments/ejbz26/surgeon_left_sponge_pt_gets_105_million/,0.0,0.0
812,How do I deal with a family member telling me test results that are very worrying?,https://www.reddit.com/r/medicine/comments/gz7q6h/how_do_i_deal_with_a_family_member_telling_me/,-0.4005,0.2
457,WHO officially adding Chinese traditional medicine to ICD-11 coding shows worrying trend of politics taking precedence over science,https://www.reddit.com/r/medicine/comments/gebqo9/who_officially_adding_chinese_traditional/,-0.34,0.0
531,Do you know who owns your hospital?,https://www.reddit.com/r/medicine/comments/gjfa0k/do_you_know_who_owns_your_hospital/,0.0,0.0
318,Emory Dermatologist Highlights Training Differences in MD/DO vs NP,https://www.reddit.com/r/medicine/comments/g3zlaa/emory_dermatologist_highlights_training/,0.4824,0.0
788,Will being arrested for civil disobedience affect my ability to be licensed?,https://www.reddit.com/r/medicine/comments/gwlqhx/will_being_arrested_for_civil_disobedience_affect/,-0.814,0.06999999999999999
547,"Health care workers who came to New York to fight coronavirus must pay state income tax, Cuomo says",https://www.reddit.com/r/medicine/comments/gfdw9r/health_care_workers_who_came_to_new_york_to_fight/,0.0516,0.13636363636363635
903,Being embarrassed by a senior in front of a patient,https://www.reddit.com/r/medicine/comments/hf6vrm/being_embarrassed_by_a_senior_in_front_of_a/,-0.8043,0.10333333333333332
107,BREAKING: S. Korea significantly reducing lethality of coronavirus by prescribing a chloroquine diphosphate salt + zinc treatment combo to block COVID-19 viral enzyme @ 500 mg per day of chloroquine + zinc for 10 days,https://www.reddit.com/r/medicine/comments/fhfxoe/breaking_s_korea_significantly_reducing_lethality/,0.4404,0.5916666666666667
697,"Hundreds of UW Medical Residents Plan to Call in Sick This Friday. Organizers say UWs ""Resident Wellness Day"" will be the largest demonstration from a U.S. residency program in the last 20 years.",https://www.reddit.com/r/medicine/comments/emjony/hundreds_of_uw_medical_residents_plan_to_call_in/,0.0,-0.2380952380952381
564,NY grants immunity to nursing home and hospital executives after campaign donations,https://www.reddit.com/r/medicine/comments/gs9cq2/ny_grants_immunity_to_nursing_home_and_hospital/,0.2263,0.0
6,Italian intensivists are circulating their experience with COVID-19. Their message: Get Ready!,https://www.reddit.com/r/medicine/comments/febby3/italian_intensivists_are_circulating_their/,0.9951,0.18948777866124805
1235,Rape charges against high profile LA orthopedic surgeon dismissed,https://www.reddit.com/r/medicine/comments/eza3h1/rape_charges_against_high_profile_la_orthopedic/,-0.7783,0.16
85,Are medical errors really the third most common cause of death in the U.S.?,https://www.reddit.com/r/medicine/comments/ffthhd/are_medical_errors_really_the_third_most_common/,-0.743,0.07999999999999999
717,"Hennepin County Medical Examiners Office rules George Floyds cause of death ""Cardiopulmonary arrest complicating law enforcement subdual, restraint, and neck compression""",https://www.reddit.com/r/medicine/comments/gvfdtl/hennepin_county_medical_examiners_office_rules/,-0.743,-0.025
275,Whats the dress code for attending physicians typically like?,https://www.reddit.com/r/medicine/comments/g04zez/whats_the_dress_code_for_attending_physicians/,0.6072,0.08333333333333334
1276,Health Insurance Companies: Better or Worse after Obamacare?,https://www.reddit.com/r/medicine/comments/f2669p/health_insurance_companies_better_or_worse_after/,-0.0516,0.04999999999999999
919,Specialty subreddit subscribers by active (US) physician count,https://www.reddit.com/r/medicine/comments/herbcn/specialty_subreddit_subscribers_by_active_us/,0.9802,0.18444444444444444
249,"Put your nickels down: Physicians who are treating COVID-19, do you think HCQ works?",https://www.reddit.com/r/medicine/comments/g0ny2j/put_your_nickels_down_physicians_who_are_treating/,0.9866,0.2246527777777778
89,Virtue signaling that we are not afraid of coronavirus,https://www.reddit.com/r/medicine/comments/ffgpp6/virtue_signaling_that_we_are_not_afraid_of/,0.4215,0.3
1005,Which specialties leadership and professional organizations do a good job of advocating for their fields success? Which ones dont?,https://www.reddit.com/r/medicine/comments/hr7y7t/which_specialties_leadership_and_professional/,0.2382,0.27499999999999997
459,Hospitals get paid more for COVID ICD 10 codes on diagnoses list,https://www.reddit.com/r/medicine/comments/gbpj5q/hospitals_get_paid_more_for_covid_icd_10_codes_on/,-0.9745,-0.2675324675324675
897,Help with setting up a visiting virtual medical student rotation.,https://www.reddit.com/r/medicine/comments/h9uwwc/help_with_setting_up_a_visiting_virtual_medical/,0.9153,0.16818181818181818
0,"Testimony of a surgeon working in Bergamo, in the heart of Italys coronavirus outbreak",https://www.reddit.com/r/medicine/comments/ff8hns/testimony_of_a_surgeon_working_in_bergamo_in_the/,-0.9994,0.020420631062342303
713,"White Coats for Black Lives in St. Louis, MO (Barnes-Jewish Hospital)",https://www.reddit.com/r/medicine/comments/gxbgx5/white_coats_for_black_lives_in_st_louis_mo/,0.0,-0.08333333333333333
199,Anecdotal outpatient relatively asymptomatic COVID cases. Keep your guard up,https://www.reddit.com/r/medicine/comments/fqz39k/anecdotal_outpatient_relatively_asymptomatic/,0.9962,0.12063294004470475
309,Atypical PNA cases BEFORE COVID19 outbreak,https://www.reddit.com/r/medicine/comments/g1bzh0/atypical_pna_cases_before_covid19_outbreak/,-0.6946,-0.03611111111111111
280,I’m Scared.,https://www.reddit.com/r/medicine/comments/fu7oc3/im_scared/,0.993,0.05041361416361416
332,"The Scientific Community ""must stop tolerating and legitimizing health pseudoscience"".",https://www.reddit.com/r/medicine/comments/g9sfi6/the_scientific_community_must_stop_tolerating_and/,-0.5267,0.0
118,"For those of you who do ambulatory care, what is the staffing ration of support staff per physician or mid level?",https://www.reddit.com/r/medicine/comments/exeyx7/for_those_of_you_who_do_ambulatory_care_what_is/,0.8779,-0.04513888888888889
1310,Medicare and Politics Megathread,https://www.reddit.com/r/medicine/comments/f5jn5k/medicare_and_politics_megathread/,0.0,-0.0625
106,How long has COVID19 been spreading in the US,https://www.reddit.com/r/medicine/comments/fijmcr/how_long_has_covid19_been_spreading_in_the_us/,0.0,0.12333333333333334
405,California medspa doctor charged with fraud after claiming hydroxychloroquine “cures” Covid-19,https://www.reddit.com/r/medicine/comments/g3bc5c/california_medspa_doctor_charged_with_fraud_after/,-0.6808,0.0
550,Prevalence of Clinically Important Abnormalities Found on Transthoracic Echocardiography Ordered for Indication of Heart Murmur Found on Physical Examination,https://www.reddit.com/r/medicine/comments/gjw7b9/prevalence_of_clinically_important_abnormalities/,0.7184,0.2
798,"Dr. David Wolfe (Indiana U) gives a lot of context to the George Floyd Court Records (erroneously called an ""Autopsy Report"") circulating in the news media",https://www.reddit.com/r/medicine/comments/guyrr6/dr_david_wolfe_indiana_u_gives_a_lot_of_context/,0.0,-0.5
7,Would it be professional suicide to quit my job to protect myself from Coronavirus,https://www.reddit.com/r/medicine/comments/fh61ry/would_it_be_professional_suicide_to_quit_my_job/,-0.25,-0.18888888888888888
548,Inside the NIH’s controversial decision to stop its big remdesivir study,https://www.reddit.com/r/medicine/comments/gi25fl/inside_the_nihs_controversial_decision_to_stop/,-0.4588,0.275
1209,Career question: Would you consider this job?,https://www.reddit.com/r/medicine/comments/evcvgj/career_question_would_you_consider_this_job/,0.8047,-0.1349624060150376
820,Clinical benefit of remdesivir in rhesus macaques infected with SARS-CoV-2,https://www.reddit.com/r/medicine/comments/h0da9a/clinical_benefit_of_remdesivir_in_rhesus_macaques/,-0.0516,0.0
261,"“If people saw this, they would stay home.” | NYT",https://www.reddit.com/r/medicine/comments/fzjjjn/if_people_saw_this_they_would_stay_home_nyt/,0.0,0.0
695,Trump administration revokes transgender health protection,https://www.reddit.com/r/medicine/comments/h8e3lh/trump_administration_revokes_transgender_health/,0.0,0.0
146,[Serious] I think this belongs here - “Nurse dies in New York hospital where workers are reduced to using trash bags as protective medical gear” - this is bad : ( healthcare workers should have PPE.,https://www.reddit.com/r/medicine/comments/fqwig5/serious_i_think_this_belongs_here_nurse_dies_in/,-0.5859,-0.32939393939393935
1066,Hospitals Overbilled Medicare $1 Billion By Incorrectly Assigning Severe Malnutrition Diagnosis Codes To Inpatient Hospital Claims,https://www.reddit.com/r/medicine/comments/hw2v33/hospitals_overbilled_medicare_1_billion_by/,-0.3818,0.0
610,Apple Watch users of Meddit...,https://www.reddit.com/r/medicine/comments/gldaq5/apple_watch_users_of_meddit/,0.9318,0.2555555555555556
682,"Doctors, Nurses and the Paperwork Crisis That Could Unite Them | NYTimes Opinion",https://www.reddit.com/r/medicine/comments/ek0vo2/doctors_nurses_and_the_paperwork_crisis_that/,-0.6249,0.0
563,/r/AskReddit claims you lose Iron through the base of your feet... WTF?,https://www.reddit.com/r/medicine/comments/gpbhze/raskreddit_claims_you_lose_iron_through_the_base/,-0.8038,-0.65
1053,"Journal Club - Neurological and neuropsychiatric complications of COVID-19 in 153 patients (Lancet, JUN2020; posted originally in r/psychiatry but applicable to all)",https://www.reddit.com/r/medicine/comments/hovscd/journal_club_neurological_and_neuropsychiatric/,0.0,0.375
833,"Serious Question: not wearing a mask in public is idiotic. Some people are claiming a “medical exemption” due to some “medical condition”, what medical condition is that? Are there any real medical contraindication for wearing a surgical mask in public?",https://www.reddit.com/r/medicine/comments/heiphm/serious_question_not_wearing_a_mask_in_public_is/,-0.6966,-0.08653846153846154
701,Hospital system partners with the MLM company doTERRA to start “Center for Integrative Oncology”,https://www.reddit.com/r/medicine/comments/eo5q7a/hospital_system_partners_with_the_mlm_company/,-0.4824,-0.1
748,"Debt, lawsuits, big spending led to the death of Laser Spine Institute",https://www.reddit.com/r/medicine/comments/eswbue/debt_lawsuits_big_spending_led_to_the_death_of/,-0.7906,0.0
319,Why is society anti-physicians?,https://www.reddit.com/r/medicine/comments/g8v0ij/why_is_society_antiphysicians/,-0.8991,-0.07983333333333334
375,"An NYP emergency medicine doctor recently committed suicide. “She tried to do her job and it killed her."" Remember: an administrator at the same institution previously threatened concerned staff with professional retaliation on video. Poor leadership must be eliminated from healthcare.",https://www.reddit.com/r/medicine/comments/gab0xu/an_nyp_emergency_medicine_doctor_recently/,-0.4662,0.02020738270738271
644,Med student rotations during COVID-19,https://www.reddit.com/r/medicine/comments/gs0w8p/med_student_rotations_during_covid19/,0.0,-0.10138888888888889
420,Can you still practice medicine without doing business?,https://www.reddit.com/r/medicine/comments/g7pgux/can_you_still_practice_medicine_without_doing/,0.5484,0.18253968253968256
9,Two ER Doctors Test Positive For COVID-19. One is 40 years old in Washington state (condition unknown). The other is 70 years old in New Jersey and in critical condition.,https://www.reddit.com/r/medicine/comments/fix8eq/two_er_doctors_test_positive_for_covid19_one_is/,0.3182,0.04837662337662337
875,What does it mean to be a doctor?,https://www.reddit.com/r/medicine/comments/hc5zqt/what_does_it_mean_to_be_a_doctor/,0.755,0.01964285714285715
402,Midlevels are not required to mandatory report adverse outcomes (while physicians are). How can we have objective clinical data to compare?,https://www.reddit.com/r/medicine/comments/g4rq78/midlevels_are_not_required_to_mandatory_report/,-0.4063,0.0
829,Discussion on Public Trust in Medicine,https://www.reddit.com/r/medicine/comments/gzfwau/discussion_on_public_trust_in_medicine/,-0.7442,-0.1388020833333333
1010,Does knowledge of the patient’s race increase accuracy of eGFR?,https://www.reddit.com/r/medicine/comments/horm36/does_knowledge_of_the_patients_race_increase/,0.9129,-0.003684573002754814
440,Successful malpractice verdict against a hospital for employing a midlevel without proper supervision.,https://www.reddit.com/r/medicine/comments/gj2be6/successful_malpractice_verdict_against_a_hospital/,0.6597,0.375
1232,Dr Death sentenced to life in prison,https://www.reddit.com/r/medicine/comments/ex0e77/dr_death_sentenced_to_life_in_prison/,-0.8074,0.0
558,Sudden clarity on why its called insulin.,https://www.reddit.com/r/medicine/comments/gt7ax9/sudden_clarity_on_why_its_called_insulin/,0.4019,-0.09375
272,Study of Heinsberg cluster in Germany suggests 0.37% mortality in representative sample (pre-publication),https://www.reddit.com/r/medicine/comments/fxqszt/study_of_heinsberg_cluster_in_germany_suggests/,0.0,0.0
633,Are you guys keeping away from family?,https://www.reddit.com/r/medicine/comments/grqgz4/are_you_guys_keeping_away_from_family/,-0.6199,0.0066558441558441555
823,Journal Club: Quetiapine for Delirium Prophylaxis,https://www.reddit.com/r/medicine/comments/gzdtzp/journal_club_quetiapine_for_delirium_prophylaxis/,0.9971,0.13971267553584626
597,Wealthiest Hospitals Got Billions in Bailout for Struggling Health Providers. Twenty large chains received more than $5 billion in federal grants even while sitting on more than $100 billion in cash.,https://www.reddit.com/r/medicine/comments/gqblzi/wealthiest_hospitals_got_billions_in_bailout_for/,0.2263,0.4047619047619048
1311,COVID-19 Prophylaxis in Healthcare workers.,https://www.reddit.com/r/medicine/comments/fbfj0r/covid19_prophylaxis_in_healthcare_workers/,0.9947,0.021344505494505544
477,Has anybody here successfully gotten life insurance lately?,https://www.reddit.com/r/medicine/comments/gieafv/has_anybody_here_successfully_gotten_life/,0.7534,0.22416666666666663
784,Early test results suggest few BLM protesters caught COVID-19 - St. Paul Pioneer Press,https://www.reddit.com/r/medicine/comments/h8zo78/early_test_results_suggest_few_blm_protesters/,-0.2263,-0.05
229,Recycling of ‘single use’ PPE through time-delay or disinfection methods,https://www.reddit.com/r/medicine/comments/fmoffm/recycling_of_single_use_ppe_through_timedelay_or/,0.9956,0.14896027049873195
1201,student asking for opinions on future of US healthcare (single payer),https://www.reddit.com/r/medicine/comments/ev9t7t/student_asking_for_opinions_on_future_of_us/,0.7852,0.05714285714285714
527,The epitome of healthcare not taking care of their own,https://www.reddit.com/r/medicine/comments/ghx9fq/the_epitome_of_healthcare_not_taking_care_of/,-0.6973,-0.002971514082625199
149,"Please, stop prescribing hydroxychloroquine for yourselves and your family right now.",https://www.reddit.com/r/medicine/comments/flor5z/please_stop_prescribing_hydroxychloroquine_for/,0.6055,0.07044642857142855
394,"[controversial] Can I use my deeply held religious beliefs to not treat COVID-19 patients who violated social distancing rules (i.e. those who went to church services, those who went to anti-lockdown rallies, those who went to the beach during the deadliest week of the outbreak)?",https://www.reddit.com/r/medicine/comments/g4d0m0/controversial_can_i_use_my_deeply_held_religious/,-0.8083,0.07291666666666667
1116,People who wear masks correctly can’t even get it right,https://www.reddit.com/r/medicine/comments/hsl6tq/people_who_wear_masks_correctly_cant_even_get_it/,-0.4215,0.15317460317460319
576,Organizations such as the ACGME and AMA are essentially cartels (unethically?) limiting the supply of physicians.,https://www.reddit.com/r/medicine/comments/glaju1/organizations_such_as_the_acgme_and_ama_are/,-0.6634,0.18833333333333332
638,Head of Pfizer pharmaceuticals says vaccine could be ready by October,https://www.reddit.com/r/medicine/comments/gt8hwg/head_of_pfizer_pharmaceuticals_says_vaccine_could/,0.3612,0.2
86,"Medical volunteers from all over USA requested to respond to WA state to help, emergency rules now in effect for license reciprocity.",https://www.reddit.com/r/medicine/comments/fiamj0/medical_volunteers_from_all_over_usa_requested_to/,0.0258,0.0
1098,Corporate is the worse thing in a pandemic,https://www.reddit.com/r/medicine/comments/hvanx3/corporate_is_the_worse_thing_in_a_pandemic/,0.9762,0.07008116883116884
911,EPO v SARS CoV-2,https://www.reddit.com/r/medicine/comments/hcuw3p/epo_v_sars_cov2/,-0.1511,0.08482142857142858
704,Tramadol isnt the devil - change my mind!,https://www.reddit.com/r/medicine/comments/en2cvm/tramadol_isnt_the_devil_change_my_mind/,-0.9979,-0.18263888888888888
771,"OC chief health officer Dr. Nichole Quick resigns after protests, threats at her house over face mask mandate to prevent COVID-19 spread",https://www.reddit.com/r/medicine/comments/h8y7ka/oc_chief_health_officer_dr_nichole_quick_resigns/,-0.9573,-0.04381720430107527
407,Medmal reviewer!,https://www.reddit.com/r/medicine/comments/g4tkoy/medmal_reviewer/,0.0,0.0
912,Trump Admin. Wins Ruling on Health Care Price Disclosure,https://www.reddit.com/r/medicine/comments/hf72t0/trump_admin_wins_ruling_on_health_care_price/,0.7845,0.3
337,"Depressive Realism — What if reality truly sucks and, while depressed, we lose the very illusions that help us to not realise this?",https://www.reddit.com/r/medicine/comments/enhg9w/depressive_realism_what_if_reality_truly_sucks/,-0.6412,-0.04999999999999999
3,Latest CDC updates: best case/worst case scenarios for COVID-19,https://www.reddit.com/r/medicine/comments/fi78id/latest_cdc_updates_best_caseworst_case_scenarios/,0.6369,0.75
824,Could Trump turn a vaccine into a campaign stunt? - NYT article,https://www.reddit.com/r/medicine/comments/h0gh4w/could_trump_turn_a_vaccine_into_a_campaign_stunt/,0.0,0.0
634,Just the facts: How to assess a patient with constant vertigo and nystagmus in the emergency department,https://www.reddit.com/r/medicine/comments/grhbnr/just_the_facts_how_to_assess_a_patient_with/,-0.3818,0.0
963,Specialty societies contributing to anti-M4A ads,https://www.reddit.com/r/medicine/comments/fada6o/specialty_societies_contributing_to_antim4a_ads/,0.1969,0.03787878787878789
1103,Why is nobody talking about cellular immunity?,https://www.reddit.com/r/medicine/comments/hy96pe/why_is_nobody_talking_about_cellular_immunity/,0.7414,0.10297619047619046
667,Nurse practitioners owning a practice,https://www.reddit.com/r/medicine/comments/esuodp/nurse_practitioners_owning_a_practice/,0.9557,0.18366735537190085
580,FDA approves at-home nasal swab test kit for COVID-19,https://www.reddit.com/r/medicine/comments/glhnqb/fda_approves_athome_nasal_swab_test_kit_for/,0.4019,0.0
998,White House seeks to discredit Fauci as coronavirus surges,https://www.reddit.com/r/medicine/comments/hq5sxa/white_house_seeks_to_discredit_fauci_as/,0.0,0.0
1291,Antiarrhythmics,https://www.reddit.com/r/medicine/comments/f1uhfa/antiarrhythmics/,0.5267,-0.15833333333333335
123,Anyone work in BMT? Im curious about a few medical contraindications to bone marrow/PBSC donation,https://www.reddit.com/r/medicine/comments/f0kq6d/anyone_work_in_bmt_im_curious_about_a_few_medical/,0.6322,-0.03125000000000001
1082,Pennsylvania uses weighted lottery to distribute lifesaving remdesivir in favor of low-income patients,https://www.reddit.com/r/medicine/comments/i17s8t/pennsylvania_uses_weighted_lottery_to_distribute/,0.4019,0.0
583,"Expert Witness Case #4- Med Mal Reviewer, Loss of Airway in Freestanding ED",https://www.reddit.com/r/medicine/comments/gm3p89/expert_witness_case_4_med_mal_reviewer_loss_of/,-0.0516,0.0
488,ICU delirium vs anoxic brain injury in pts w long-term intubation - what is “normal”?,https://www.reddit.com/r/medicine/comments/gcado6/icu_delirium_vs_anoxic_brain_injury_in_pts_w/,0.504,0.14084325396825395
175,"Why isnt everyone talking about reusable elastomeric half-face respirators? They last for years, can be sterilized (even immersed in bleach), and there are fully-encapsulated P100 filters that can be wiped down and used for months. Why not petition the US Govt to produce and issue one to every HCW?",https://www.reddit.com/r/medicine/comments/fokqp3/why_isnt_everyone_talking_about_reusable/,0.0,-0.07777777777777779
23,Why have an epidural when you can enjoy a natural child birth.,https://www.reddit.com/r/medicine/comments/fduzgn/why_have_an_epidural_when_you_can_enjoy_a_natural/,0.6908,0.25
1112,"Over a lifetime, average primary care physician will pocket roughly $6.5 million in income compared to $10 million for specialists. How accurate is this?",https://www.reddit.com/r/medicine/comments/hz6csd/over_a_lifetime_average_primary_care_physician/,0.7757,0.10370370370370373
1271,"I’m surprised there isn’t a ‘Doctors Wives’ subreddit, hmm",https://www.reddit.com/r/medicine/comments/f1tzo7/im_surprised_there_isnt_a_doctors_wives_subreddit/,0.8674,-0.03
196,A brief snippet of perspective from ID,https://www.reddit.com/r/medicine/comments/frpb7d/a_brief_snippet_of_perspective_from_id/,0.9522,0.062220308036634565
388,More COVID-19 deaths among those given hydroxychloroquine versus standard care,https://www.reddit.com/r/medicine/comments/g5oal0/more_covid19_deaths_among_those_given/,0.4939,0.25
414,Why lab results should be treated with caution.,https://www.reddit.com/r/medicine/comments/g6yd14/why_lab_results_should_be_treated_with_caution/,-0.1753,0.16428571428571428
307,Overwhelmed Hospitals Face a New Crisis: Staffing Firms Are Cutting Their Doctors’ Hours and Pay,https://www.reddit.com/r/medicine/comments/fv6thk/overwhelmed_hospitals_face_a_new_crisis_staffing/,-0.7003,-0.2318181818181818
205,"Hospital cash-flow problems affecting PPE shortages. ""Their ability to buy critically needed supplies — from protective gear to more hospital beds — is being stymied by the fact that private vendors are requiring hospitals to pay cash upon delivery, which they say they lack the money to do.""",https://www.reddit.com/r/medicine/comments/fo9q9s/hospital_cashflow_problems_affecting_ppe/,-0.5719,0.16666666666666666
42,"Other physicians go to work, surgeons improve their practice",https://www.reddit.com/r/medicine/comments/ejbbet/other_physicians_go_to_work_surgeons_improve/,0.4404,-0.125
473,2020 Medscape Compensation Report,https://www.reddit.com/r/medicine/comments/gkcd1p/2020_medscape_compensation_report/,0.0,0.0
660,First healthcare worker has died combating the Wuhan coronavirus in China. (link in Chinese),https://www.reddit.com/r/medicine/comments/etkvdr/first_healthcare_worker_has_died_combating_the/,-0.5574,0.125
273,"We don’t need hazard pay, we need PPE. My life insurance policy will be my family’s hazard pay if I don’t have PPE.",https://www.reddit.com/r/medicine/comments/fwumvy/we_dont_need_hazard_pay_we_need_ppe_my_life/,0.0516,0.03511904761904761
494,"Strike by Seattle Nurses, Staff Closes Emergency Rooms",https://www.reddit.com/r/medicine/comments/evrwmw/strike_by_seattle_nurses_staff_closes_emergency/,-0.4767,0.0
692,What event made you not want strangers to know your profession?,https://www.reddit.com/r/medicine/comments/gx71pf/what_event_made_you_not_want_strangers_to_know/,-0.8224,-0.07777777777777779
541,Why does coughing cause a drop in MAP?,https://www.reddit.com/r/medicine/comments/gjj0si/why_does_coughing_cause_a_drop_in_map/,0.879,0.225
600,Whatever happened to Liver Dialysis?,https://www.reddit.com/r/medicine/comments/gsml1f/whatever_happened_to_liver_dialysis/,0.9162,0.1574404761904762
250,Why COVID is an Intensivists worst nightmare,https://www.reddit.com/r/medicine/comments/fx6zxe/why_covid_is_an_intensivists_worst_nightmare/,-0.9875,0.007574696545284769
444,New bill would forgive medical school debt for COVID-19 health workers,https://www.reddit.com/r/medicine/comments/gek4dj/new_bill_would_forgive_medical_school_debt_for/,-0.1027,0.06818181818181818
316,"IDSA published COVID-19 treatment guidelines... Spoiler alert, they only recommend any of the currently used treatments ""in the context of a clinical trial""",https://www.reddit.com/r/medicine/comments/fzwodh/idsa_published_covid19_treatment_guidelines/,0.5719,0.0
327,AMA officially acknowledges that medical residents are being paid $15 an hour.,https://www.reddit.com/r/medicine/comments/g4im06/ama_officially_acknowledges_that_medical/,0.0,0.0
815,Why not use cilostazol for angina?,https://www.reddit.com/r/medicine/comments/gvvdgn/why_not_use_cilostazol_for_angina/,-0.264,0.11666666666666668
750,Chinese hospital staff in Wuhan face fears amid frontline battle against coronavirus outbreak,https://www.reddit.com/r/medicine/comments/et3uqn/chinese_hospital_staff_in_wuhan_face_fears_amid/,-0.6597,0.0
1192,Why do Hong Kong Drs. have more UK post-nomials than UK Drs.?,https://www.reddit.com/r/medicine/comments/ej4swd/why_do_hong_kong_drs_have_more_uk_postnomials/,0.9544,0.2455357142857143
210,"Weekly Careers Thread: March 19, 2020",https://www.reddit.com/r/medicine/comments/fl8b28/weekly_careers_thread_march_19_2020/,0.4588,0.4
1293,Medicare for All: Last Week Tonight with John Oliver (HBO),https://www.reddit.com/r/medicine/comments/f5a0tz/medicare_for_all_last_week_tonight_with_john/,0.0,0.0
1063,Hospitals Are Suddenly Short of Young Doctors,https://www.reddit.com/r/medicine/comments/hwoatf/hospitals_are_suddenly_short_of_young_doctors/,0.0,0.05
