,title,url,topic,compound_sentiment,textblob_polarity
484,Florida blocks medical examiners over COVID death data,https://www.reddit.com/r/medicine/comments/gbfw8i/florida_blocks_medical_examiners_over_covid_death/,School & Training,-0.7003,0.0
671,From Florida Medical Association.,https://www.reddit.com/r/medicine/comments/epc93c/from_florida_medical_association/,School & Training,0.9752,0.010824242424242424
856,EMS here - just wanted to say thank you to the White Coats for Black Lives protestors,https://www.reddit.com/r/medicine/comments/hdafqo/ems_here_just_wanted_to_say_thank_you_to_the/,Work,0.9422,0.25833333333333336
128,Are coronavirus tests readily available to doctors?,https://www.reddit.com/r/medicine/comments/fg1gt4/are_coronavirus_tests_readily_available_to_doctors/,Work,-0.3736,0.4
781,Are there ways to document police brutality in the ED?,https://www.reddit.com/r/medicine/comments/gv7jrv/are_there_ways_to_document_police_brutality_in/,Healthcare System,-0.9697,0.05833333333333333
152,ER doctor who criticized Bellingham hospital’s coronavirus protections has been fired,https://www.reddit.com/r/medicine/comments/fqe3yr/er_doctor_who_criticized_bellingham_hospitals/,Work,-0.7269,0.0
652,Arizona coronavirus situation,https://www.reddit.com/r/medicine/comments/gzpnb3/arizona_coronavirus_situation/,Work,-0.2732,0.0
1224,"Bengaluru doctors save life of 4-year-old boy with bloodless bone marrow transplant - The boy belongs to the Jehovah’s Witnesses faith, the followers of which cannot take blood transfusions as treatment.",https://www.reddit.com/r/medicine/comments/eqg2j1/bengaluru_doctors_save_life_of_4yearold_boy_with/,Coronavirus Treatment,0.7184,0.0
946,Does anyone else feel that so many people who work in the healthcare industry are SEVERELY underpaid (US)?,https://www.reddit.com/r/medicine/comments/hq1c3f/does_anyone_else_feel_that_so_many_people_who/,School & Training,0.3414,0.22083333333333335
606,"I’m Dr. Larry Edwards, chairman of the Gout Education Society, a nonprofit formed to raise awareness of gout and improve gout diagnosis. In honor of Gout Awareness Day on May 22—AMA!",https://www.reddit.com/r/medicine/comments/gnbc1h/im_dr_larry_edwards_chairman_of_the_gout/,Coronavirus Precautions,0.9614,0.2604166666666667
118,"For those of you who do ambulatory care, what is the staffing ration of support staff per physician or mid level?",https://www.reddit.com/r/medicine/comments/exeyx7/for_those_of_you_who_do_ambulatory_care_what_is/,Work,0.8779,-0.04513888888888889
406,Primary Care Offices Struggle To Stay Solvent During Pandemic,https://www.reddit.com/r/medicine/comments/g5c7ai/primary_care_offices_struggle_to_stay_solvent/,Work,0.2263,0.4
971,Favourite medicine podcasts/youtubers?,https://www.reddit.com/r/medicine/comments/hqdsae/favourite_medicine_podcastsyoutubers/,Work,0.9091,0.14285714285714285
1247,"Clinical Characteristics of 138 Hospitalized Patients With 2019 Novel Coronavirus–Infected Pneumonia in Wuhan, China",https://www.reddit.com/r/medicine/comments/f0l452/clinical_characteristics_of_138_hospitalized/,Coronavirus Precautions,0.3182,0.0
591,"PA with an online Doctorate degree in Medical Science studies provided an interview with a local news station as a ""medical student"" that recently graduated as a ""doctor"", but never mentioned that he was a PA.",https://www.reddit.com/r/medicine/comments/gmh2so/pa_with_an_online_doctorate_degree_in_medical/,School & Training,0.0,0.0
1084,Tell a new RN about procalcitonin labs; Im not familiar with this lab. (I called a doc about a 7.3 result- expected finding with a uti? Worth the call?),https://www.reddit.com/r/medicine/comments/htkfhw/tell_a_new_rn_about_procalcitonin_labs_im_not/,Work,0.926,0.05058847402597403
1111,Timeline for amputated digit?,https://www.reddit.com/r/medicine/comments/hvtyfj/timeline_for_amputated_digit/,Work,0.9877,0.16704761904761906
739,"Over 8 hours long cardiac arrest in patient with severe hypotermia, with full neurologic recovery",https://www.reddit.com/r/medicine/comments/eortfz/over_8_hours_long_cardiac_arrest_in_patient_with/,Medical Studies,0.9625,-0.015753284072249595
135,Miami Beach Commissioner Asks if City Should Infect First Responders With Coronavirus,https://www.reddit.com/r/medicine/comments/fja3wq/miami_beach_commissioner_asks_if_city_should/,Work,0.0,0.25
933,She wanted a freebirth with no doctors. Online groups convinced her it would be OK.,https://www.reddit.com/r/medicine/comments/f7xxdw/she_wanted_a_freebirth_with_no_doctors_online/,Healthcare System,0.128,0.5
1332,Atrium Health CEO defends security guards brutalizing teenager on camera,https://www.reddit.com/r/medicine/comments/f647xp/atrium_health_ceo_defends_security_guards/,Healthcare System,-0.4588,0.0
209,I made a simple graphic of DOs and DONTs during the corona crisis for the general public. Feel free to share.,https://www.reddit.com/r/medicine/comments/fjma4i/i_made_a_simple_graphic_of_dos_and_donts_during/,Coronavirus Precautions,0.1027,0.09000000000000001
1157,Troponin Testing and Coronary Syndrome in Geriatric Patients With Nonspecific Complaints: Are We Overtesting?,https://www.reddit.com/r/medicine/comments/erqnmk/troponin_testing_and_coronary_syndrome_in/,Coronavirus Precautions,-0.4019,0.0
647,Covid-19 has exposed the limits of todays drug development model,https://www.reddit.com/r/medicine/comments/gnayq3/covid19_has_exposed_the_limits_of_todays_drug/,School & Training,-0.0772,0.0
1075,Measuring Doctors by the Dollars They Generate is a Systemic Failure,https://www.reddit.com/r/medicine/comments/hsa317/measuring_doctors_by_the_dollars_they_generate_is/,Work,-0.5106,-0.3166666666666667
482,Healthcare industry loses 1.4 million jobs during pandemic,https://www.reddit.com/r/medicine/comments/gfxh3p/healthcare_industry_loses_14_million_jobs_during/,Work,-0.3182,-0.3
552,Do you get irritated by the little inaccuracies with how patients are portrayed in film?,https://www.reddit.com/r/medicine/comments/gq9wli/do_you_get_irritated_by_the_little_inaccuracies/,Coronavirus Treatment,-0.7736,0.15865384615384615
988,WHO confirms theres emerging evidence of airborne transmission of coronavirus,https://www.reddit.com/r/medicine/comments/hnehcl/who_confirms_theres_emerging_evidence_of_airborne/,Coronavirus Precautions,0.0,0.0
1025,Disconnect between medical knowledge and public: WNBA star Elena Delle Donne tries to opt out due to Chronic Lyme,https://www.reddit.com/r/medicine/comments/hrlstj/disconnect_between_medical_knowledge_and_public/,School & Training,0.0,-0.05625
1266,The 90-Day Prescription Isn’t for Everyone,https://www.reddit.com/r/medicine/comments/f0xhdq/the_90day_prescription_isnt_for_everyone/,Work,0.0,0.0
487,Wsj claims doctors are an overclass with little to risk in the covid epidemic,https://www.reddit.com/r/medicine/comments/gk2353/wsj_claims_doctors_are_an_overclass_with_little/,Work,0.4852,0.0628968253968254
1168,Medicare for all. Discussion,https://www.reddit.com/r/medicine/comments/expkeu/medicare_for_all_discussion/,Healthcare System,0.9932,0.2331619769119769
1309,How many doctors does it take to do an MRI? /s,https://www.reddit.com/r/medicine/comments/f62xwv/how_many_doctors_does_it_take_to_do_an_mri_s/,Work,0.168,-0.02095959595959597
262,3 More Days of Inpatient Care in New York (#17-19),https://www.reddit.com/r/medicine/comments/fznkoa/3_more_days_of_inpatient_care_in_new_york_1719/,Work,-0.9958,0.04387598152208542
404,What happens if you don’t match residency? What can you do if you’re not matched?,https://www.reddit.com/r/medicine/comments/g5qa8z/what_happens_if_you_dont_match_residency_what_can/,School & Training,0.0,0.0
550,Prevalence of Clinically Important Abnormalities Found on Transthoracic Echocardiography Ordered for Indication of Heart Murmur Found on Physical Examination,https://www.reddit.com/r/medicine/comments/gjw7b9/prevalence_of_clinically_important_abnormalities/,Work,0.7184,0.2
590,What I learned,https://www.reddit.com/r/medicine/comments/gmxuh3/what_i_learned/,Work,0.2406,0.075
896,The Neglected Romanian Orphans Are Adults Now,https://www.reddit.com/r/medicine/comments/hd8wl5/the_neglected_romanian_orphans_are_adults_now/,Coronavirus Precautions,-0.5267,0.0
393,"""Scientists to Stop CoVid-19"", obscure no longer, advisors to the white house are all in on remdesivir",https://www.reddit.com/r/medicine/comments/g9vncb/scientists_to_stop_covid19_obscure_no_longer/,Healthcare System,-0.5267,0.0
1051,Rapid Temperature Screening for Office (that does not require a person doing individual temp checks),https://www.reddit.com/r/medicine/comments/hl5j9u/rapid_temperature_screening_for_office_that_does/,Work,0.899,0.06171875000000002
813,"Same procedure, different specialty. How does compensation work?",https://www.reddit.com/r/medicine/comments/gvns1t/same_procedure_different_specialty_how_does/,School & Training,0.0,0.06407563025210085
923,New Eye Drops May Prevent a Common Cause of Blindness,https://www.reddit.com/r/medicine/comments/hi3spg/new_eye_drops_may_prevent_a_common_cause_of/,Work,0.0258,-0.08181818181818182
1096,Expert Witness Opinion: Esophageal Cancer,https://www.reddit.com/r/medicine/comments/hvxvpp/expert_witness_opinion_esophageal_cancer/,Coronavirus Treatment,-0.9403,0.01904761904761905
575,How to review one’s first attending job contract before signing,https://www.reddit.com/r/medicine/comments/gn9s64/how_to_review_ones_first_attending_job_contract/,Coronavirus Precautions,0.9513,0.19285714285714287
604,"Weekly Careers Thread: May 28, 2020",https://www.reddit.com/r/medicine/comments/gs4b73/weekly_careers_thread_may_28_2020/,Work,0.4588,0.4
816,Questions with Epic?,https://www.reddit.com/r/medicine/comments/gvd4cq/questions_with_epic/,Work,0.8504,0.058163265306122446
717,"Hennepin County Medical Examiners Office rules George Floyds cause of death ""Cardiopulmonary arrest complicating law enforcement subdual, restraint, and neck compression""",https://www.reddit.com/r/medicine/comments/gvfdtl/hennepin_county_medical_examiners_office_rules/,Work,-0.743,-0.025
1008,Province of Manitoba | The Pediatric Cardiac Surgery Inquest Report (In which a poorly trained and badly prepared heart surgeon kills 12 children in the span of a year).,https://www.reddit.com/r/medicine/comments/hnvosf/province_of_manitoba_the_pediatric_cardiac/,Work,-0.128,-0.3833333333333333
1149,"On the 2012 book ""Spillover"" by David Quammen and how it basically predicted SARS-CoV-2",https://www.reddit.com/r/medicine/comments/hvn814/on_the_2012_book_spillover_by_david_quammen_and/,Work,0.9418,0.16857142857142854
200,"Didier Raoult, microbiologist behind recent French hydroxychloroquine studies, evidently has a history of data manipulation.",https://www.reddit.com/r/medicine/comments/frb9fn/didier_raoult_microbiologist_behind_recent_french/,Healthcare System,-0.296,-0.037500000000000006
468,WSJ: Young Doctors Struggle to Treat Coronavirus Patients: ‘We Are Horrified and Scared’,https://www.reddit.com/r/medicine/comments/gdaghm/wsj_young_doctors_struggle_to_treat_coronavirus/,School & Training,-0.4767,0.1
910,"Married Physicians: Post-Residency, How did you manage to take on full-time jobs while concurrently raise children?",https://www.reddit.com/r/medicine/comments/haslf3/married_physicians_postresidency_how_did_you/,Work,0.9921,0.27559808612440195
1306,"I feel that there is a growing war on science and medicine, and we are not winning.",https://www.reddit.com/r/medicine/comments/f8hj7y/i_feel_that_there_is_a_growing_war_on_science_and/,Work,-0.9737,-0.0008364254792826166
254,Doctors being fired over speaking out about equipment shortages and using their own protection,https://www.reddit.com/r/medicine/comments/fu0kge/doctors_being_fired_over_speaking_out_about/,Coronavirus Precautions,-0.6369,0.6
1217,"Epic data sharing, or lack thereof",https://www.reddit.com/r/medicine/comments/euh1iu/epic_data_sharing_or_lack_thereof/,Healthcare System,0.128,0.1
187,The magic swab test,https://www.reddit.com/r/medicine/comments/fjv7le/the_magic_swab_test/,Medical Studies,0.9129,0.19090909090909092
1107,[NEJM] Effect on Patient Safety of a Resident Physician Schedule without 24-Hour Shifts,https://www.reddit.com/r/medicine/comments/hvgsjz/nejm_effect_on_patient_safety_of_a_resident/,Work,0.4215,0.0
1045,A man was allegedly refused treatment due to disability in Texas Hospital. Thoughts?,https://www.reddit.com/r/medicine/comments/hlunxy/a_man_was_allegedly_refused_treatment_due_to/,Work,0.9621,-0.10171568627450979
124,Liquid PFC breathing to stabilize patient with pneumonia,https://www.reddit.com/r/medicine/comments/ezmv2j/liquid_pfc_breathing_to_stabilize_patient_with/,Work,-0.5256,-0.0020408163265306207
696,Four months in Michigan,https://www.reddit.com/r/medicine/comments/gv5zlv/four_months_in_michigan/,Work,-0.9889,0.05328812601539873
1281,Hyperbaric therapy for virus-induced acute respiratory distress syndrome,https://www.reddit.com/r/medicine/comments/ezbkwj/hyperbaric_therapy_for_virusinduced_acute/,Coronavirus Treatment,0.1531,0.39999999999999997
1207,Hospital not paying agreed wage for locums,https://www.reddit.com/r/medicine/comments/ev211l/hospital_not_paying_agreed_wage_for_locums/,Work,0.8598,0.07677777777777776
230,Chiropractors Are Feeding Their Patients Fake Information About The Coronavirus,https://www.reddit.com/r/medicine/comments/g1msts/chiropractors_are_feeding_their_patients_fake/,Coronavirus Precautions,-0.4767,-0.5
161,Healthy US Fellows now getting severe disease!,https://www.reddit.com/r/medicine/comments/fmr589/healthy_us_fellows_now_getting_severe_disease/,Coronavirus Precautions,0.1007,0.625
469,Need for interesting work-related dad jokes,https://www.reddit.com/r/medicine/comments/giwoyu/need_for_interesting_workrelated_dad_jokes/,Coronavirus Treatment,0.9349,0.5
960,"If you are hospitalized, would you be comfortable being cared for by colleagues you know at the same institution, or somewhere else with strangers?",https://www.reddit.com/r/medicine/comments/f5eliz/if_you_are_hospitalized_would_you_be_comfortable/,Work,0.6597,0.20000000000000004
1041,scrub brands,https://www.reddit.com/r/medicine/comments/hlv26k/scrub_brands/,Coronavirus Precautions,0.743,0.43333333333333335
0,"Testimony of a surgeon working in Bergamo, in the heart of Italys coronavirus outbreak",https://www.reddit.com/r/medicine/comments/ff8hns/testimony_of_a_surgeon_working_in_bergamo_in_the/,Work,-0.9994,0.020420631062342303
195,Why is the mortality in Italy so much higher than in Germany?,https://www.reddit.com/r/medicine/comments/fnrvmv/why_is_the_mortality_in_italy_so_much_higher_than/,Healthcare System,-0.8936,0.2710714285714285
721,Surgisphere: mass audit of papers linked to firm behind hydroxychloroquine Lancet study scandal,https://www.reddit.com/r/medicine/comments/h064nh/surgisphere_mass_audit_of_papers_linked_to_firm/,Coronavirus Precautions,-0.4404,-0.30000000000000004
385,HELP! Advice needed on an impending ‘physician compensation adjustment,https://www.reddit.com/r/medicine/comments/ga7ero/help_advice_needed_on_an_impending_physician/,Healthcare System,-0.1677,-0.07563025210084033
1081,"Maybe some good news? Premature births have dropped up to 90% in some areas amid lockdowns, studies to follow.",https://www.reddit.com/r/medicine/comments/huk13d/maybe_some_good_news_premature_births_have/,Healthcare System,0.4404,0.7
998,White House seeks to discredit Fauci as coronavirus surges,https://www.reddit.com/r/medicine/comments/hq5sxa/white_house_seeks_to_discredit_fauci_as/,Healthcare System,0.0,0.0
716,How do healthcare professionals lead a balanced public health discussion weighing the risks of spreading COVID vs the importance of protesting?,https://www.reddit.com/r/medicine/comments/gyff6n/how_do_healthcare_professionals_lead_a_balanced/,Coronavirus Precautions,-0.467,0.1580952380952381
857,Specialty Choice: Passion vs Lifestyle. Should I pick the specialty I love or the one that will offer me a great lifestyle? What will make me happier? Advice Needed,https://www.reddit.com/r/medicine/comments/hghwqi/specialty_choice_passion_vs_lifestyle_should_i/,Work,0.9968,0.38362068965517243
112,Dental Care IS Health Care | Full Frontal on TBS,https://www.reddit.com/r/medicine/comments/f0ycq1/dental_care_is_health_care_full_frontal_on_tbs/,Healthcare System,0.7506,0.35
938,"If M4A becomes reality, how do you believe the proposed ~20% reduction in physician reimbursement will affect current physicians and those interested in entering the field?",https://www.reddit.com/r/medicine/comments/f5j2t9/if_m4a_becomes_reality_how_do_you_believe_the/,Healthcare System,0.4306,0.02904040404040404
255,Did we sign up to die? Looking at the role of the physician in society.,https://www.reddit.com/r/medicine/comments/fwioy2/did_we_sign_up_to_die_looking_at_the_role_of_the/,School & Training,-0.885,0.06999999999999999
495,Early Acceptance match for residency?,https://www.reddit.com/r/medicine/comments/eu8cef/early_acceptance_match_for_residency/,School & Training,0.4588,0.1
1066,Hospitals Overbilled Medicare $1 Billion By Incorrectly Assigning Severe Malnutrition Diagnosis Codes To Inpatient Hospital Claims,https://www.reddit.com/r/medicine/comments/hw2v33/hospitals_overbilled_medicare_1_billion_by/,Work,-0.3818,0.0
360,Chinese doctor in the city of Wuhan in tears announcing that there are too many cases of sick people,https://www.reddit.com/r/medicine/comments/etait2/chinese_doctor_in_the_city_of_wuhan_in_tears/,Work,-0.6369,-0.07142857142857144
1039,Emergency Department Volume and Staffing During Covid-19 in the US,https://www.reddit.com/r/medicine/comments/hn1joc/emergency_department_volume_and_staffing_during/,Work,-0.9083,0.12401960784313726
374,"I (M.D.) applied for a job in telemedicine that required that I have not written any prescriptions in the last 3 months. When they checked they found that I (or someone under my name/ npi) had written scripts as recently as last month. I have no recollection of this, and DID NOT write any scripts.",https://www.reddit.com/r/medicine/comments/g68pob/i_md_applied_for_a_job_in_telemedicine_that/,School & Training,0.3094,0.0
446,What are we doing this for? Doctors are fed up with conspiracies ravaging ERs,https://www.reddit.com/r/medicine/comments/gf57q2/what_are_we_doing_this_for_doctors_are_fed_up/,Work,0.0,0.0
171,Ohio Board of Pharmacy Emergency Rule for Dispensing Chloroquine and Hydroxychloroquine,https://www.reddit.com/r/medicine/comments/fo9c4i/ohio_board_of_pharmacy_emergency_rule_for/,School & Training,-0.3818,0.0
673,"Nurse practitioners arent like physicians, doctors warn",https://www.reddit.com/r/medicine/comments/ensp9e/nurse_practitioners_arent_like_physicians_doctors/,Work,-0.3632,0.0
83,Concerns About Future in Medicine (This Subreddit Got Me Tripping),https://www.reddit.com/r/medicine/comments/ff86ca/concerns_about_future_in_medicine_this_subreddit/,School & Training,0.977,0.048790445665445686
93,"Im Dr. Douglas Throckmorton, Deputy Center Director of Regulatory Programs for FDA’s Center for Drug Evaluation and Research. Lets talk about safe drug disposal. AMA!",https://www.reddit.com/r/medicine/comments/ffzhqk/im_dr_douglas_throckmorton_deputy_center_director/,Work,0.8433,0.08477678571428572
634,Just the facts: How to assess a patient with constant vertigo and nystagmus in the emergency department,https://www.reddit.com/r/medicine/comments/grhbnr/just_the_facts_how_to_assess_a_patient_with/,Work,-0.3818,0.0
102,"What does the mortality data coming out of Italy, Germany and Japan tell us about the true mortality rate of COVID-19?",https://www.reddit.com/r/medicine/comments/ffm3w8/what_does_the_mortality_data_coming_out_of_italy/,Healthcare System,0.933,0.153125
503,A cause of high American drug costs?,https://www.reddit.com/r/medicine/comments/erf3mf/a_cause_of_high_american_drug_costs/,Healthcare System,0.9515,0.08334285714285712
1118,Letters of recommendation for patients,https://www.reddit.com/r/medicine/comments/hvbmz8/letters_of_recommendation_for_patients/,Work,0.8919,0.1
1,"I posted a while back seeking a clinical portrait from those caring for COVID19 pts, and found a detailed one today from Evergreen. Please disseminate, esp to ICU/PACU/ED staff.",https://www.reddit.com/r/medicine/comments/figd1n/i_posted_a_while_back_seeking_a_clinical_portrait/,Coronavirus Treatment,-0.9888,0.007025394639031
1158,Interpreting an IL-17 lab test on a mystery diagnosis patient.,https://www.reddit.com/r/medicine/comments/etkihl/interpreting_an_il17_lab_test_on_a_mystery/,Coronavirus Treatment,0.9705,-0.017307692307692305
855,Physician assistants losing to nurse practitioners,https://www.reddit.com/r/medicine/comments/hc4th5/physician_assistants_losing_to_nurse_practitioners/,School & Training,0.9723,0.015397727272727264
125,Hospital Policy for PPE conservation,https://www.reddit.com/r/medicine/comments/ff458a/hospital_policy_for_ppe_conservation/,Coronavirus Precautions,0.836,0.12023809523809523
467,An outsiders perspective on why physicians and NPs speak past each other,https://www.reddit.com/r/medicine/comments/gj7cw0/an_outsiders_perspective_on_why_physicians_and/,School & Training,0.5477,-0.005479691876750697
709,Deep learning model for breast cancer detection beats five full-time radiologists [Research],https://www.reddit.com/r/medicine/comments/eigj0b/deep_learning_model_for_breast_cancer_detection/,Coronavirus Precautions,-0.6597,0.0
352,"159,000 large physician group endorses medicare for all",https://www.reddit.com/r/medicine/comments/ertp4i/159000_large_physician_group_endorses_medicare/,Work,0.34,0.21428571428571427
821,Children and Adolescent Psychiatry,https://www.reddit.com/r/medicine/comments/h81ehi/children_and_adolescent_psychiatry/,School & Training,0.8346,0.09166666666666665
890,Hold the NBOME Accountable,https://www.reddit.com/r/medicine/comments/hfp1m0/hold_the_nbome_accountable/,School & Training,0.8822,0.12074652777777777
247,Pediatric plague,https://www.reddit.com/r/medicine/comments/fvwlyv/pediatric_plague/,Coronavirus Treatment,-0.6997,-0.0050170068027210945
250,Why COVID is an Intensivists worst nightmare,https://www.reddit.com/r/medicine/comments/fx6zxe/why_covid_is_an_intensivists_worst_nightmare/,Work,-0.9875,0.007574696545284769
271,"An opportunity for medicine to be taken back from: out of touch administrators, partisan policy makers, and companies who exploit the system",https://www.reddit.com/r/medicine/comments/ftpcs9/an_opportunity_for_medicine_to_be_taken_back_from/,Work,0.9802,0.015833333333333335
844,July is coming - Scenarios for interns,https://www.reddit.com/r/medicine/comments/hf073x/july_is_coming_scenarios_for_interns/,Work,0.8321,0.1517406204906205
649,Weve just given up on COVID havent we?,https://www.reddit.com/r/medicine/comments/h0lo6e/weve_just_given_up_on_covid_havent_we/,Work,-0.9767,-0.07417582417582419
502,"Even in 1896, we were aware of the ill effects of smoking.",https://www.reddit.com/r/medicine/comments/ew7ov4/even_in_1896_we_were_aware_of_the_ill_effects_of/,Coronavirus Treatment,-0.4215,-0.125
504,Keep Insulting Doctors and Soon We Wont Have Any | Doctor Mike,https://www.reddit.com/r/medicine/comments/eskzqn/keep_insulting_doctors_and_soon_we_wont_have_any/,Work,-0.4939,-1.0
1057,"Study (n=480) finds that recent and soon to be graduating vascular surgery trainees with an identifiable social media account (n=235), 25% contained unprofessional content. #Medbikini is now trending on Twitter.",https://www.reddit.com/r/medicine/comments/hx0rnl/study_n480_finds_that_recent_and_soon_to_be/,Work,-0.5106,0.044444444444444446
594,"ACTT-1 Remdesivir Trial published. Statistically significant decrease in time to recovery, no statistically significant decline in mortality",https://www.reddit.com/r/medicine/comments/gotp67/actt1_remdesivir_trial_published_statistically/,Coronavirus Treatment,-0.2481,0.375
349,An ER doctor was charged with abusing his baby. But 15 medical experts say theres no proof.,https://www.reddit.com/r/medicine/comments/euxrtd/an_er_doctor_was_charged_with_abusing_his_baby/,Work,-0.6369,0.0
1148,[Serious] - Can we discuss the state of medical education in 2020?,https://www.reddit.com/r/medicine/comments/hzj6d5/serious_can_we_discuss_the_state_of_medical/,Healthcare System,0.5566,0.014222222222222228
820,Clinical benefit of remdesivir in rhesus macaques infected with SARS-CoV-2,https://www.reddit.com/r/medicine/comments/h0da9a/clinical_benefit_of_remdesivir_in_rhesus_macaques/,Coronavirus Treatment,-0.0516,0.0
618,HEROES Act Would Extend Student Aid | BestColleges,https://www.reddit.com/r/medicine/comments/gon92m/heroes_act_would_extend_student_aid_bestcolleges/,Healthcare System,0.7781,0.0
386,Lockdowns work! @MountSinaiNYC has seen a 3 day trend of fewer CoVID patients.,https://www.reddit.com/r/medicine/comments/g46tg4/lockdowns_work_mountsinainyc_has_seen_a_3_day/,Work,0.0,0.0
1114,"Physicians of reddit, what has made you happiest in your life/career",https://www.reddit.com/r/medicine/comments/i1g4rl/physicians_of_reddit_what_has_made_you_happiest/,Work,0.932,0.3333333333333333
694,Rutgers is trying to steal from us,https://www.reddit.com/r/medicine/comments/h7kwtp/rutgers_is_trying_to_steal_from_us/,School & Training,0.9925,0.09065074710236001
378,Gilead antiviral drug remdesivir flops in first trial,https://www.reddit.com/r/medicine/comments/g6racf/gilead_antiviral_drug_remdesivir_flops_in_first/,Healthcare System,-0.34,0.25
144,Trump has announces that Hydroxychloroquine has been FDA approved for use in COVID-19,https://www.reddit.com/r/medicine/comments/flcdn8/trump_has_announces_that_hydroxychloroquine_has/,Coronavirus Precautions,0.4215,0.0
1189,Choosing cost of living/work hours balance?,https://www.reddit.com/r/medicine/comments/epib0p/choosing_cost_of_livingwork_hours_balance/,Work,-0.2551,0.12043290043290042
928,American Healthcare and the next US President,https://www.reddit.com/r/medicine/comments/fawohq/american_healthcare_and_the_next_us_president/,Healthcare System,0.9071,0.25833333333333336
1167,Are Human Body Temperatures Cooling Down?,https://www.reddit.com/r/medicine/comments/f0jgb2/are_human_body_temperatures_cooling_down/,Work,0.0,-0.07777777777777779
263,"UCSF IM PD Threatens Residents With ""Temporary Leave Of Absence"" If They Dont Expose Themselves To COVID Patients Without Proper PPE",https://www.reddit.com/r/medicine/comments/fxdbvk/ucsf_im_pd_threatens_residents_with_temporary/,Coronavirus Precautions,-0.3304,-0.00625
763,West coast coronavirus,https://www.reddit.com/r/medicine/comments/fbgqn8/west_coast_coronavirus/,Coronavirus Precautions,-0.89,0.16
977,USA buys Gileads entire production of remdesivir for 3 months,https://www.reddit.com/r/medicine/comments/hj0z3b/usa_buys_gileads_entire_production_of_remdesivir/,Work,0.0,0.0
98,Our COVID testing turnaround time is 6 days. What gives?,https://www.reddit.com/r/medicine/comments/fiwh55/our_covid_testing_turnaround_time_is_6_days_what/,Work,-0.834,0.049999999999999996
470,Neurologist here. Has your hospital also disallowed MRIs on all your COVID patients?,https://www.reddit.com/r/medicine/comments/gbl0z7/neurologist_here_has_your_hospital_also/,Work,-0.6124,0.0875
1340,Evelyn Yangs OB-GYN took advantage of her and his other patients during routine physical exams. One patient even claimed he licked her v*gina during exam.,https://www.reddit.com/r/medicine/comments/f8tqol/evelyn_yangs_obgyn_took_advantage_of_her_and_his/,Work,0.25,-0.0625
226,Medical schools graduate M4s early with temporary licensing,https://www.reddit.com/r/medicine/comments/fqcvrz/medical_schools_graduate_m4s_early_with_temporary/,School & Training,0.0,0.05
991,Tips for Hospitalists in small community hospitals to deal with expected COVID surge?,https://www.reddit.com/r/medicine/comments/hpawgt/tips_for_hospitalists_in_small_community/,Work,-0.9211,0.015370046620046618
1301,Scrubbing into a CABG with your mom as your attending,https://www.reddit.com/r/medicine/comments/f7tqtk/scrubbing_into_a_cabg_with_your_mom_as_your/,Work,0.0,0.0
753,Executive Heart Screening Programs an Abuse of Testing - OPINION,https://www.reddit.com/r/medicine/comments/eswyyl/executive_heart_screening_programs_an_abuse_of/,School & Training,0.0,0.0
1159,Marik protocol shows no benefit in survival or pressor use in first large RCT,https://www.reddit.com/r/medicine/comments/eq9bhp/marik_protocol_shows_no_benefit_in_survival_or/,Coronavirus Precautions,-0.357,0.23214285714285715
427,"This man has definitely had a huge impact on your practice. Rest in peace Dr. Burton Rose, the founder of UpToDate. Another victim of Covid-19",https://www.reddit.com/r/medicine/comments/g7y3xc/this_man_has_definitely_had_a_huge_impact_on_your/,Work,0.7506,0.23125
75,A thought about risk factors for poor outcomes in COVID-19,https://www.reddit.com/r/medicine/comments/fimiks/a_thought_about_risk_factors_for_poor_outcomes_in/,Coronavirus Precautions,-0.8163,0.12433566433566433
1339,Medical branches with advanced physics/maths?,https://www.reddit.com/r/medicine/comments/faawdk/medical_branches_with_advanced_physicsmaths/,Medical Studies,0.897,0.3833333333333333
269,Those who wear scrubs in public,https://www.reddit.com/r/medicine/comments/g0pan0/those_who_wear_scrubs_in_public/,Coronavirus Precautions,-0.7828,-0.0625
891,Medical resident feeling like quitting.,https://www.reddit.com/r/medicine/comments/hf7d0i/medical_resident_feeling_like_quitting/,Work,0.9778,0.07697059884559887
570,What is your approach to medical documentation? How do you protect yourself from future lawsuits/malpractice claims with your strategy?,https://www.reddit.com/r/medicine/comments/glfcv3/what_is_your_approach_to_medical_documentation/,School & Training,0.4515,0.0
810,NYTs report on impact of retracted scientific articles,https://www.reddit.com/r/medicine/comments/h9edw0/nyts_report_on_impact_of_retracted_scientific/,School & Training,0.0,0.0
876,ACLS recertification class without masks?!?,https://www.reddit.com/r/medicine/comments/hd13o8/acls_recertification_class_without_masks/,Work,-0.935,-0.15818181818181817
573,Fed is Combining Viral Tests with Antibody Tests: ‘How Could the CDC Make That Mistake?’,https://www.reddit.com/r/medicine/comments/gp2geg/fed_is_combining_viral_tests_with_antibody_tests/,Medical Studies,0.0,0.0
492,"I feel like evidence-based medicine nowadays is boxing physicians into following strict protocols and previously set standards that are extremely hard to change, preventing doctors from using their own professional experience and judgment, and their own interpretation of the data and literature.",https://www.reddit.com/r/medicine/comments/gfy3py/i_feel_like_evidencebased_medicine_nowadays_is/,School & Training,-0.2609,0.11770833333333332
1129,Thoughts on EVMS (MATH+) Protocol. Is this basically standard of care now for Covid?,https://www.reddit.com/r/medicine/comments/hyb00y/thoughts_on_evms_math_protocol_is_this_basically/,Coronavirus Treatment,-0.9408,0.0031203007518796908
882,Websites for learning auscultation?,https://www.reddit.com/r/medicine/comments/hgt9xq/websites_for_learning_auscultation/,Coronavirus Treatment,0.6007,0.09999999999999998
1098,Corporate is the worse thing in a pandemic,https://www.reddit.com/r/medicine/comments/hvanx3/corporate_is_the_worse_thing_in_a_pandemic/,Work,0.9762,0.07008116883116884
1067,AMA: Letting APRNs order diagnostic imaging could worsen overuse,https://www.reddit.com/r/medicine/comments/i0vy44/ama_letting_aprns_order_diagnostic_imaging_could/,School & Training,-0.5106,0.0
49,"TN Nurses Association Opposes ""Graduate Physicians Act"" and “Doctor of Medical Science Act”",https://www.reddit.com/r/medicine/comments/fb9cpq/tn_nurses_association_opposes_graduate_physicians/,School & Training,0.9926,0.11100108225108225
376,Physician Pay Cuts at Northwestern,https://www.reddit.com/r/medicine/comments/g4tbk0/physician_pay_cuts_at_northwestern/,School & Training,-0.3818,0.0
419,"COVID-19 Antibody Seroprevalence in Santa Clara County, California",https://www.reddit.com/r/medicine/comments/g396sz/covid19_antibody_seroprevalence_in_santa_clara/,Medical Studies,0.0,0.0
36,"Singular science: ""N of 1” studies aim to answer medical questions one person at a time",https://www.reddit.com/r/medicine/comments/eo7i20/singular_science_n_of_1_studies_aim_to_answer/,Work,0.0,0.0
517,Volunteer psychiatrists staff an anonymous Physician Support Line for COVID-19 support,https://www.reddit.com/r/medicine/comments/gdhlda/volunteer_psychiatrists_staff_an_anonymous/,Work,0.6597,0.0
154,Trump weighs restarting economy despite warnings from U.S. public health officials,https://www.reddit.com/r/medicine/comments/fnwz6k/trump_weighs_restarting_economy_despite_warnings/,Healthcare System,0.2235,0.0
324,Verizon omitted Physicians from their Heroes Discount program that recently added nurses and teachers,https://www.reddit.com/r/medicine/comments/g6b690/verizon_omitted_physicians_from_their_heroes/,Work,0.8982,0.04188596491228069
350,Doctor Wins $4.75 Million in Defamation Suit Against Hospital,https://www.reddit.com/r/medicine/comments/evnf1l/doctor_wins_475_million_in_defamation_suit/,Work,0.5719,0.3
958,Getting Hep C treatment for Medicaid patients in rural Texas,https://www.reddit.com/r/medicine/comments/f72yq0/getting_hep_c_treatment_for_medicaid_patients_in/,Work,0.7239,0.17321428571428574
1155,Dealing with physically noncompliant/violent patients,https://www.reddit.com/r/medicine/comments/etk1tu/dealing_with_physically_noncompliantviolent/,Work,0.0,0.0
179,NYP-Columbia Chief of Surgery letter regarding current hospital situation (mask and bed availability),https://www.reddit.com/r/medicine/comments/fn0piy/nypcolumbia_chief_of_surgery_letter_regarding/,Work,0.0,0.0
1187,Front desk called in a prescription without consulting you,https://www.reddit.com/r/medicine/comments/elv2xe/front_desk_called_in_a_prescription_without/,Work,-0.8943,0.010119047619047639
906,Picking a stethoscope as a gift,https://www.reddit.com/r/medicine/comments/hbkc5u/picking_a_stethoscope_as_a_gift/,Work,0.8891,0.060714285714285735
914,Performative nonsense. Disgraceful to all healthcare providers.,https://www.reddit.com/r/medicine/comments/hiuysa/performative_nonsense_disgraceful_to_all/,Healthcare System,-0.4019,0.0
450,Patient with a blood TG level of 994,https://www.reddit.com/r/medicine/comments/gf8hbd/patient_with_a_blood_tg_level_of_994/,Coronavirus Treatment,0.0,0.0
1335,PCPs/GPs- what physical exam components do you routinely do for annuals and what do you omit?,https://www.reddit.com/r/medicine/comments/f9fshh/pcpsgps_what_physical_exam_components_do_you/,Coronavirus Treatment,0.705,0.08
902,Why Medicine under relentless mid level assault and Dentistry seems unscathed ?,https://www.reddit.com/r/medicine/comments/haxmbh/why_medicine_under_relentless_mid_level_assault/,School & Training,-0.644,0.0
790,Why are medical experts called physicians?,https://www.reddit.com/r/medicine/comments/h8bug3/why_are_medical_experts_called_physicians/,School & Training,0.0,0.0
1312,The Sorting Hat of Medicine: Why Hufflepuffs Wear Stethoscopes and Slytherins Carry Scalpels,https://www.reddit.com/r/medicine/comments/f4h43e/the_sorting_hat_of_medicine_why_hufflepuffs_wear/,Work,0.0,0.0
1153,"Older Children, 10-19, spread the Coronavirus just as much as adults",https://www.reddit.com/r/medicine/comments/hu9awl/older_children_1019_spread_the_coronavirus_just/,Coronavirus Precautions,0.0,0.18333333333333335
235,If we doctors want to band together it starts here!,https://www.reddit.com/r/medicine/comments/fsyf6u/if_we_doctors_want_to_band_together_it_starts_here/,Work,-0.9905,0.05526459059233449
166,We have a 40M no pertinent PMH intubated in our ICU with COVID19. Is anyone else seeing younger people with no comorbidities having this clinical course?,https://www.reddit.com/r/medicine/comments/fk78ms/we_have_a_40m_no_pertinent_pmh_intubated_in_our/,Work,-0.4515,0.1388888888888889
103,"I aint no rocket surgeon, but...",https://www.reddit.com/r/medicine/comments/fgu6io/i_aint_no_rocket_surgeon_but/,Coronavirus Precautions,-0.5132,0.2714285714285714
974,"Match Day 2018, Washington University School of Medicine — I found this awesome photo browsing Flickr, and it brought back many memories",https://www.reddit.com/r/medicine/comments/hqso4a/match_day_2018_washington_university_school_of/,School & Training,0.7073,0.5
160,"A hospital with room for nearly 500 beds has been closed for months in the center of Philadelphia. And it will remain empty, city officials said, because they cannot accept the owner’s offer: buy the hospital or lease it for almost $1 million a month.",https://www.reddit.com/r/medicine/comments/fr0dbd/a_hospital_with_room_for_nearly_500_beds_has_been/,Work,-0.4559,-0.05
491,"On this day in 1796 Edward Jenner performed his first vaccination, testing his inoculation on 8-year-old James Phipps. Vaccination programmes eradicated smallpox worldwide.",https://www.reddit.com/r/medicine/comments/gjwzgq/on_this_day_in_1796_edward_jenner_performed_his/,Medical Studies,0.0,0.25
710,Stolen thunder,https://www.reddit.com/r/medicine/comments/emzq13/stolen_thunder/,Coronavirus Treatment,-0.9011,0.09764835858585857
670,"The University of Utah SOM is encouraging students to attend a White Accountability group to “understand the role whiteness plays in their lives,” drawing questions about its appropriateness in medical education.",https://www.reddit.com/r/medicine/comments/eoyeox/the_university_of_utah_som_is_encouraging/,School & Training,0.6597,0.0
1318,"According to an AAPA survey in 2008, only 15% of PAs practice in non-metropolitan areas",https://www.reddit.com/r/medicine/comments/fazgmx/according_to_an_aapa_survey_in_2008_only_15_of/,School & Training,0.7275,0.035633116883116885
1151,So does this mean they’ll give all a bonus? /s,https://www.reddit.com/r/medicine/comments/hvzier/so_does_this_mean_theyll_give_all_a_bonus_s/,School & Training,0.5423,-0.3125
1203,"CT-scans, head injuries and anticoagulants",https://www.reddit.com/r/medicine/comments/eudeht/ctscans_head_injuries_and_anticoagulants/,Coronavirus Treatment,-0.7229,0.15177489177489178
150,"Essay from Josh Lerner, MD after the CDC loosens guidelines for all of us on the front lines",https://www.reddit.com/r/medicine/comments/fmk3pw/essay_from_josh_lerner_md_after_the_cdc_loosens/,Work,0.9877,0.1297169811320755
864,Man Arrested After Bringing 3 Explosive Devices Into Stony Brook University Hospital,https://www.reddit.com/r/medicine/comments/hcamsa/man_arrested_after_bringing_3_explosive_devices/,Work,-0.4767,0.0
275,Whats the dress code for attending physicians typically like?,https://www.reddit.com/r/medicine/comments/g04zez/whats_the_dress_code_for_attending_physicians/,Work,0.6072,0.08333333333333334
55,Whats your unsual compliment form a patient story ?,https://www.reddit.com/r/medicine/comments/fce3rb/whats_your_unsual_compliment_form_a_patient_story/,Work,0.9183,0.26382716049382715
757,Would you recommend medicine as a career for your kids?,https://www.reddit.com/r/medicine/comments/f94vgu/would_you_recommend_medicine_as_a_career_for_your/,Work,0.7319,0.0
1090,How did you personally become a quick learner,https://www.reddit.com/r/medicine/comments/hw33ye/how_did_you_personally_become_a_quick_learner/,Work,0.7814,0.24444444444444444
265,What is it about Midlevels and their leadership organizations that makes them better at advocating for themselves?,https://www.reddit.com/r/medicine/comments/fwnb9a/what_is_it_about_midlevels_and_their_leadership/,School & Training,0.6036,0.13392857142857142
979,"Real-time MRI lets you see the movements of the mouth and throat of a man speaking (originally recorded and published by Jens Frahm, Max-Planck-Institute Göttingen)",https://www.reddit.com/r/medicine/comments/hnp5uh/realtime_mri_lets_you_see_the_movements_of_the/,Medical Studies,0.0,0.375
782,Structural Racism — A 60-Year-Old Black Woman with Breast Cancer | NEJM,https://www.reddit.com/r/medicine/comments/gwhcgr/structural_racism_a_60yearold_black_woman_with/,Coronavirus Precautions,-0.8591,-0.16666666666666666
486,Sub s/p Covid,https://www.reddit.com/r/medicine/comments/gh04vi/sub_sp_covid/,Coronavirus Precautions,-0.5892,0.06976190476190477
1236,Hospital whistleblower raised alarm over doctor seen injecting himself,https://www.reddit.com/r/medicine/comments/ezfgbo/hospital_whistleblower_raised_alarm_over_doctor/,Work,-0.34,0.0
336,Any recommendations for pharmaceutical company-sponsored e-learning websites with educational content for HCPs?,https://www.reddit.com/r/medicine/comments/em63m8/any_recommendations_for_pharmaceutical/,Healthcare System,0.8382,0.390625
389,"The Dangerous Denialism of Kelly Brogan, MD",https://www.reddit.com/r/medicine/comments/g91zyb/the_dangerous_denialism_of_kelly_brogan_md/,School & Training,-0.4767,-0.6
26,What will you do if PPE runs out?,https://www.reddit.com/r/medicine/comments/fiuoiy/what_will_you_do_if_ppe_runs_out/,Coronavirus Precautions,-0.1093,0.16666666666666666
589,The rationale for switching Step 1 from a score to pass/fail,https://www.reddit.com/r/medicine/comments/gu7ily/the_rationale_for_switching_step_1_from_a_score/,School & Training,0.0,0.0
290,A German Exception? Why the Country’s Coronavirus Death Rate Is Low,https://www.reddit.com/r/medicine/comments/fxvfu1/a_german_exception_why_the_countrys_coronavirus/,Work,-0.7184,0.0
698,What wasnt possible in 2010 that is now?,https://www.reddit.com/r/medicine/comments/ejn14m/what_wasnt_possible_in_2010_that_is_now/,School & Training,0.0,0.0
16,WHO declares the coronavirus outbreak a pandemic,https://www.reddit.com/r/medicine/comments/fgzyzk/who_declares_the_coronavirus_outbreak_a_pandemic/,Work,0.0,0.0
845,Whats the deal with physicians putting so much time into maintaining social media personalities?,https://www.reddit.com/r/medicine/comments/hga3p8/whats_the_deal_with_physicians_putting_so_much/,Work,0.4039,-0.08928571428571427
58,Italy a few weeks into its outbreak: the current situation is difficult to imagine ... my friends call me in tears because they see people dying in front of them and they can only offer some oxygen. Why wont this happen to us?,https://www.reddit.com/r/medicine/comments/fgacxj/italy_a_few_weeks_into_its_outbreak_the_current/,Work,-0.0772,-0.175
1123,Oxford-AstraZeneca Vaccine Candidate Shows Promising Results in Phase I Trial,https://www.reddit.com/r/medicine/comments/huljr0/oxfordastrazeneca_vaccine_candidate_shows/,Work,0.4019,0.2
1125,What are your opinions on circumcision?,https://www.reddit.com/r/medicine/comments/hwpcjy/what_are_your_opinions_on_circumcision/,Healthcare System,0.0,0.0
242,Someone stole most of the N95s from our ER,https://www.reddit.com/r/medicine/comments/fsq6vh/someone_stole_most_of_the_n95s_from_our_er/,Work,-0.9605,-0.022222222222222227
198,False negative COVID-19 tests,https://www.reddit.com/r/medicine/comments/fq2a76/false_negative_covid19_tests/,Medical Studies,-0.9856,-0.09406666666666666
400,"University of Colorado cuts planned raise for GME staff (and cuts incoming intern salaries), blames pandemic.",https://www.reddit.com/r/medicine/comments/g3zj31/university_of_colorado_cuts_planned_raise_for_gme/,Work,-0.7269,0.0
403,Cannot get over the insanity of continuing step 2 CS and level 2 PE,https://www.reddit.com/r/medicine/comments/g9taas/cannot_get_over_the_insanity_of_continuing_step_2/,School & Training,-0.9731,-0.14364035087719298
632,What do nurses do that doctors cant?,https://www.reddit.com/r/medicine/comments/glef4d/what_do_nurses_do_that_doctors_cant/,Work,0.4684,0.225
478,"I made my first ""rare"" diagnosis.",https://www.reddit.com/r/medicine/comments/geb05k/i_made_my_first_rare_diagnosis/,Coronavirus Treatment,-0.9694,0.14568645640074213
457,WHO officially adding Chinese traditional medicine to ICD-11 coding shows worrying trend of politics taking precedence over science,https://www.reddit.com/r/medicine/comments/gebqo9/who_officially_adding_chinese_traditional/,Work,-0.34,0.0
1315,"Post-Graduate Training Programs, White Coats, and ""Midlevel Encroachment""",https://www.reddit.com/r/medicine/comments/fa6bei/postgraduate_training_programs_white_coats_and/,School & Training,-0.3647,0.10896880570409984
354,How Chaos at Chain Pharmacies Is Putting Patients at Risk - NY Times,https://www.reddit.com/r/medicine/comments/ewo5t8/how_chaos_at_chain_pharmacies_is_putting_patients/,Coronavirus Precautions,-0.7003,0.0
434,Indications for fluorescein staining?,https://www.reddit.com/r/medicine/comments/g455kc/indications_for_fluorescein_staining/,Work,0.9232,0.15361552028218692
430,What do you guys think of this video? Will this persuade or turn off the common layperson?,https://www.reddit.com/r/medicine/comments/g63ctm/what_do_you_guys_think_of_this_video_will_this/,Work,0.0,-0.3
408,Remdesivir Met Primary Endpoint in NIAID Trial,https://www.reddit.com/r/medicine/comments/gac4yg/remdesivir_met_primary_endpoint_in_niaid_trial/,Healthcare System,0.0,0.4
837,Update from those working in current COVID hot spots?,https://www.reddit.com/r/medicine/comments/hgul7y/update_from_those_working_in_current_covid_hot/,Coronavirus Precautions,-0.2168,0.17777777777777778
319,Why is society anti-physicians?,https://www.reddit.com/r/medicine/comments/g8v0ij/why_is_society_antiphysicians/,Work,-0.8991,-0.07983333333333334
1297,[META] Why are posts about mid-level creep and resident mistreatment regularly removed without comment by mods?,https://www.reddit.com/r/medicine/comments/f7w89l/meta_why_are_posts_about_midlevel_creep_and/,School & Training,-0.8622,-0.025
18,"This annotated version of Sanders M4A and its implications for physicians from a Full quotes appear below, but some highlights include: patients keeping their physicians, physicians being able to opt out of m4a, US government having greater role in medical education and specialty availability",https://www.reddit.com/r/medicine/comments/fcexvt/this_annotated_version_of_sanders_m4a_and_its/,Healthcare System,0.9895,0.17032467532467535
142,"Dr. Usama Riaz has spent weeks screening, treating coronavirus patients even then he knew PPE was not available. He lost his battle today. Remember his name. He was 26.",https://www.reddit.com/r/medicine/comments/fnz2a3/dr_usama_riaz_has_spent_weeks_screening_treating/,Work,-0.1625,-0.15000000000000002
1173,What nonpharmacologic approaches to pain control do you utilize in your practice?,https://www.reddit.com/r/medicine/comments/f1rt2e/what_nonpharmacologic_approaches_to_pain_control/,Work,0.8733,0.3440476190476191
345,"Woman, 25, upset by emergency room wait heads to urgent care but dies",https://www.reddit.com/r/medicine/comments/eqbrnp/woman_25_upset_by_emergency_room_wait_heads_to/,Work,-0.0258,0.0
1102,"Without having been formally tested, do you have a suspicion of if/when you already got COVID from your hospital?",https://www.reddit.com/r/medicine/comments/hygkry/without_having_been_formally_tested_do_you_have_a/,Work,-0.8025,0.03694083694083693
1004,Homepathic Drugs Can No Longer Be Marketed as Medicinal Products in Hungary,https://www.reddit.com/r/medicine/comments/hlr6bd/homepathic_drugs_can_no_longer_be_marketed_as/,Healthcare System,-0.296,0.0
903,Being embarrassed by a senior in front of a patient,https://www.reddit.com/r/medicine/comments/hf6vrm/being_embarrassed_by_a_senior_in_front_of_a/,Work,-0.8043,0.10333333333333332
940,Is there a role for ACEi/ARBs in treatment of pandemic viral pneumonia?,https://www.reddit.com/r/medicine/comments/f6nxzu/is_there_a_role_for_aceiarbs_in_treatment_of/,Coronavirus Precautions,0.6298,0.03648989898989899
122,Help with antidepressants!,https://www.reddit.com/r/medicine/comments/f3kiu8/help_with_antidepressants/,Coronavirus Precautions,0.9135,0.22927083333333337
1036,Senator Richard Pan blasts Physician Assistants on CNN — CNN later retracts article. His office is claiming he was misquoted.,https://www.reddit.com/r/medicine/comments/hjk6sc/senator_richard_pan_blasts_physician_assistants/,Healthcare System,0.0,0.0
654,Was just offered quite a bit of $$$ to train... looming problem,https://www.reddit.com/r/medicine/comments/h7p93i/was_just_offered_quite_a_bit_of_to_train_looming/,School & Training,-0.7458,0.026884920634920643
1177,Prescribing for friends and family,https://www.reddit.com/r/medicine/comments/ep7dzs/prescribing_for_friends_and_family/,Work,-0.7729,0.08525641025641026
337,"Depressive Realism — What if reality truly sucks and, while depressed, we lose the very illusions that help us to not realise this?",https://www.reddit.com/r/medicine/comments/enhg9w/depressive_realism_what_if_reality_truly_sucks/,Work,-0.6412,-0.04999999999999999
1017,ELI5: Reputation of prescribing buprenorphine?,https://www.reddit.com/r/medicine/comments/hk9qpf/eli5_reputation_of_prescribing_buprenorphine/,Medical Studies,-0.2869,-0.02777777777777779
853,"Congratulations to new physicians, fellows, and faculty!",https://www.reddit.com/r/medicine/comments/hcqm09/congratulations_to_new_physicians_fellows_and/,School & Training,0.956,0.09781144781144781
840,Do you think any permanent changes will happen in the way we practice medicine in the post CoVid world ?,https://www.reddit.com/r/medicine/comments/haiaiq/do_you_think_any_permanent_changes_will_happen_in/,Work,0.9596,0.014414414414414408
952,"Trump Health Secretary Says US Healthcare Workers Dont Get Infected With Covid-19 (94,000 Have Contracted the Virus)",https://www.reddit.com/r/medicine/comments/hnh8co/trump_health_secretary_says_us_healthcare_workers/,Coronavirus Precautions,0.3875,0.0
1145,Reusing N95 masks,https://www.reddit.com/r/medicine/comments/hskjyv/reusing_n95_masks/,Coronavirus Precautions,-0.6483,0.14285714285714285
605,A matched control study of 39 CoVID-19 patients with convalescent plasma transfusion therapy demonstrates modest benefit for non-intubated and no benefit for intubated patients.,https://www.reddit.com/r/medicine/comments/gq8waj/a_matched_control_study_of_39_covid19_patients/,Coronavirus Precautions,0.1331,0.1
512,FDA issues an Emergency Use Authorization (EUA) for remdesivir the treatment of hospitalized COVID-19 patients,https://www.reddit.com/r/medicine/comments/gbq32h/fda_issues_an_emergency_use_authorization_eua_for/,Work,-0.3818,0.0
61,For docs providing care outside their usual scope in the pandemic - wouldnt it be nice if Uptodate were free?,https://www.reddit.com/r/medicine/comments/fjedns/for_docs_providing_care_outside_their_usual_scope/,Work,0.9138,0.10119047619047618
577,is anyone else just super burnt out lately?,https://www.reddit.com/r/medicine/comments/gno31b/is_anyone_else_just_super_burnt_out_lately/,School & Training,0.8402,0.24444444444444444
968,How are DOs that spread misinformation like Dr Rashid Buttar on social media allowed to keep their licenses?,https://www.reddit.com/r/medicine/comments/hmshmg/how_are_dos_that_spread_misinformation_like_dr/,Work,-0.4696,0.06333333333333331
454,After reading about the suicide of Leigh Sundem I wanted to tell my story - child molestation victim turned doctor,https://www.reddit.com/r/medicine/comments/gkasix/after_reading_about_the_suicide_of_leigh_sundem_i/,Work,-0.9731,0.03407947513879718
1143,cystic peripheral liver lesions in adult female patient,https://www.reddit.com/r/medicine/comments/hux5r5/cystic_peripheral_liver_lesions_in_adult_female/,Work,0.8805,-0.03541666666666667
973,PA gives immunodeficient daughter HCQ for covid,https://www.reddit.com/r/medicine/comments/hn9mne/pa_gives_immunodeficient_daughter_hcq_for_covid/,Coronavirus Precautions,0.0,0.0
911,EPO v SARS CoV-2,https://www.reddit.com/r/medicine/comments/hcuw3p/epo_v_sars_cov2/,Coronavirus Treatment,-0.1511,0.08482142857142858
218,Cetirizine/Levocetirizine and ARDS/COVID-19,https://www.reddit.com/r/medicine/comments/fqefy2/cetirizinelevocetirizine_and_ardscovid19/,Coronavirus Treatment,0.9289,0.09622934888241012
227,The Lost Month: How a Failure to Test Blinded the U.S. to Covid-19,https://www.reddit.com/r/medicine/comments/fqqvfu/the_lost_month_how_a_failure_to_test_blinded_the/,Work,-0.6808,-0.3166666666666667
1286,Whats your least favorite word in medicine?,https://www.reddit.com/r/medicine/comments/f58ytv/whats_your_least_favorite_word_in_medicine/,Healthcare System,-0.4404,0.04226190476190478
1166,"Data shows that the biggest waste in healthcare spending is administrative cost, and Medicare For All will cut that cost significantly",https://www.reddit.com/r/medicine/comments/ex6vqu/data_shows_that_the_biggest_waste_in_healthcare/,Healthcare System,0.128,0.07107843137254902
629,Why direct primary care is thriving in COVID-19,https://www.reddit.com/r/medicine/comments/go22i4/why_direct_primary_care_is_thriving_in_covid19/,Healthcare System,0.9546,0.23846153846153847
1104,Chest tube instructional video - Behind the Knife,https://www.reddit.com/r/medicine/comments/hx4apq/chest_tube_instructional_video_behind_the_knife/,Work,0.848,0.06777777777777777
1240,ER doc confronts Pence on Michigan Medicaid cuts,https://www.reddit.com/r/medicine/comments/exomaa/er_doc_confronts_pence_on_michigan_medicaid_cuts/,Work,-0.4767,0.0
944,The ECG on hospital presentation predicts death in COVID-19,https://www.reddit.com/r/medicine/comments/hcr5c3/the_ecg_on_hospital_presentation_predicts_death/,Work,-0.5994,0.0
